-- MySQL dump 10.13  Distrib 9.6.0, for macos26.2 (arm64)
--
-- Host: localhost    Database: hyundai_dms
-- ------------------------------------------------------
-- Server version	9.6.0

/*!40101 SET @OLD_CHARACTER_SET_CLIENT=@@CHARACTER_SET_CLIENT */;
/*!40101 SET @OLD_CHARACTER_SET_RESULTS=@@CHARACTER_SET_RESULTS */;
/*!40101 SET @OLD_COLLATION_CONNECTION=@@COLLATION_CONNECTION */;
/*!50503 SET NAMES utf8mb4 */;
/*!40103 SET @OLD_TIME_ZONE=@@TIME_ZONE */;
/*!40103 SET TIME_ZONE='+00:00' */;
/*!40014 SET @OLD_UNIQUE_CHECKS=@@UNIQUE_CHECKS, UNIQUE_CHECKS=0 */;
/*!40014 SET @OLD_FOREIGN_KEY_CHECKS=@@FOREIGN_KEY_CHECKS, FOREIGN_KEY_CHECKS=0 */;
/*!40101 SET @OLD_SQL_MODE=@@SQL_MODE, SQL_MODE='NO_AUTO_VALUE_ON_ZERO' */;
/*!40111 SET @OLD_SQL_NOTES=@@SQL_NOTES, SQL_NOTES=0 */;

--
-- Current Database: `hyundai_dms`
--

/*!40000 DROP DATABASE IF EXISTS `hyundai_dms`*/;

CREATE DATABASE /*!32312 IF NOT EXISTS*/ `hyundai_dms` /*!40100 DEFAULT CHARACTER SET utf8mb4 COLLATE utf8mb4_0900_ai_ci */ /*!80016 DEFAULT ENCRYPTION='N' */;

USE `hyundai_dms`;

--
-- Table structure for table `banks`
--

DROP TABLE IF EXISTS `banks`;
/*!40101 SET @saved_cs_client     = @@character_set_client */;
/*!50503 SET character_set_client = utf8mb4 */;
CREATE TABLE `banks` (
  `id` bigint NOT NULL AUTO_INCREMENT,
  `name` varchar(150) NOT NULL,
  `ifsc_prefix` varchar(10) DEFAULT NULL,
  `contact` varchar(20) DEFAULT NULL,
  PRIMARY KEY (`id`),
  UNIQUE KEY `name` (`name`)
) ENGINE=InnoDB DEFAULT CHARSET=utf8mb4 COLLATE=utf8mb4_0900_ai_ci;
/*!40101 SET character_set_client = @saved_cs_client */;

--
-- Dumping data for table `banks`
--

LOCK TABLES `banks` WRITE;
/*!40000 ALTER TABLE `banks` DISABLE KEYS */;
/*!40000 ALTER TABLE `banks` ENABLE KEYS */;
UNLOCK TABLES;

--
-- Table structure for table `booking_payments`
--

DROP TABLE IF EXISTS `booking_payments`;
/*!40101 SET @saved_cs_client     = @@character_set_client */;
/*!50503 SET character_set_client = utf8mb4 */;
CREATE TABLE `booking_payments` (
  `id` bigint NOT NULL AUTO_INCREMENT,
  `booking_id` bigint NOT NULL,
  `amount` decimal(12,2) NOT NULL,
  `payment_mode` enum('CASH','CHEQUE','NEFT','RTGS','UPI','CARD') NOT NULL,
  `payment_date` date NOT NULL,
  `reference_no` varchar(100) DEFAULT NULL,
  `remarks` text,
  `recorded_by` bigint NOT NULL,
  `created_at` timestamp NULL DEFAULT CURRENT_TIMESTAMP,
  PRIMARY KEY (`id`),
  KEY `fk_bp_recorder` (`recorded_by`),
  KEY `idx_bp_booking` (`booking_id`),
  CONSTRAINT `fk_bp_booking` FOREIGN KEY (`booking_id`) REFERENCES `bookings` (`id`),
  CONSTRAINT `fk_bp_recorder` FOREIGN KEY (`recorded_by`) REFERENCES `employees` (`id`)
) ENGINE=InnoDB DEFAULT CHARSET=utf8mb4 COLLATE=utf8mb4_0900_ai_ci;
/*!40101 SET character_set_client = @saved_cs_client */;

--
-- Dumping data for table `booking_payments`
--

LOCK TABLES `booking_payments` WRITE;
/*!40000 ALTER TABLE `booking_payments` DISABLE KEYS */;
/*!40000 ALTER TABLE `booking_payments` ENABLE KEYS */;
UNLOCK TABLES;

--
-- Table structure for table `bookings`
--

DROP TABLE IF EXISTS `bookings`;
/*!40101 SET @saved_cs_client     = @@character_set_client */;
/*!50503 SET character_set_client = utf8mb4 */;
CREATE TABLE `bookings` (
  `id` bigint NOT NULL AUTO_INCREMENT,
  `booking_number` varchar(20) NOT NULL,
  `lead_id` bigint NOT NULL,
  `customer_id` bigint NOT NULL,
  `variant_id` bigint NOT NULL,
  `color_id` bigint NOT NULL,
  `sales_exec_id` bigint NOT NULL,
  `ex_showroom` decimal(12,2) NOT NULL,
  `discount` decimal(10,2) DEFAULT '0.00',
  `accessories_amt` decimal(10,2) DEFAULT '0.00',
  `tcs_amt` decimal(10,2) DEFAULT '0.00',
  `registration_amt` decimal(10,2) DEFAULT '0.00',
  `insurance_amt` decimal(10,2) DEFAULT '0.00',
  `total_on_road` decimal(12,2) NOT NULL,
  `status` enum('BOOKED','ALLOCATED','INVOICED','DELIVERED','CANCELLED') DEFAULT 'BOOKED',
  `expected_delivery` date DEFAULT NULL,
  `remarks` text,
  `created_at` timestamp NULL DEFAULT CURRENT_TIMESTAMP,
  `updated_at` timestamp NULL DEFAULT CURRENT_TIMESTAMP ON UPDATE CURRENT_TIMESTAMP,
  `vehicle_id` bigint DEFAULT NULL,
  PRIMARY KEY (`id`),
  UNIQUE KEY `booking_number` (`booking_number`),
  KEY `fk_bk_lead` (`lead_id`),
  KEY `fk_bk_variant` (`variant_id`),
  KEY `fk_bk_color` (`color_id`),
  KEY `idx_bk_status` (`status`),
  KEY `idx_bk_customer` (`customer_id`),
  KEY `idx_bk_exec` (`sales_exec_id`),
  KEY `IDXphrr66uyd2jikuyab1vjc7b1x` (`status`),
  KEY `IDXrkliokwtt5gf3npiaklvb2f8k` (`customer_id`),
  KEY `IDXp9607uwa5thlwbhoocd1yj6v2` (`sales_exec_id`),
  KEY `FKc0062bk3bchs55diw805avxq` (`vehicle_id`),
  CONSTRAINT `fk_bk_color` FOREIGN KEY (`color_id`) REFERENCES `colors` (`id`),
  CONSTRAINT `fk_bk_customer` FOREIGN KEY (`customer_id`) REFERENCES `customers` (`id`),
  CONSTRAINT `fk_bk_exec` FOREIGN KEY (`sales_exec_id`) REFERENCES `employees` (`id`),
  CONSTRAINT `fk_bk_lead` FOREIGN KEY (`lead_id`) REFERENCES `leads` (`id`),
  CONSTRAINT `fk_bk_variant` FOREIGN KEY (`variant_id`) REFERENCES `vehicle_variants` (`id`),
  CONSTRAINT `FKc0062bk3bchs55diw805avxq` FOREIGN KEY (`vehicle_id`) REFERENCES `vehicles` (`id`)
) ENGINE=InnoDB AUTO_INCREMENT=276 DEFAULT CHARSET=utf8mb4 COLLATE=utf8mb4_0900_ai_ci;
/*!40101 SET character_set_client = @saved_cs_client */;

--
-- Dumping data for table `bookings`
--

LOCK TABLES `bookings` WRITE;
/*!40000 ALTER TABLE `bookings` DISABLE KEYS */;
INSERT INTO `bookings` VALUES (1,'BKG26001',1,1,1,1,3,1087000.00,0.00,0.00,0.00,0.00,0.00,1250000.00,'ALLOCATED',NULL,NULL,'2026-01-04 04:30:00','2026-03-15 05:34:05',1),(2,'BKG26002',2,2,4,4,4,1318000.00,0.00,0.00,0.00,0.00,0.00,1500000.00,'BOOKED',NULL,NULL,'2026-01-08 06:00:00','2026-03-15 05:34:05',2),(3,'BKG26003',3,3,6,2,8,1116000.00,0.00,0.00,0.00,0.00,0.00,1285000.00,'ALLOCATED',NULL,NULL,'2026-01-12 08:45:00','2026-03-15 05:34:05',3),(4,'BKG26004',4,4,2,5,3,1900000.00,0.00,0.00,0.00,0.00,0.00,2185000.00,'DELIVERED',NULL,NULL,'2026-01-15 04:15:00','2026-03-15 05:34:05',4),(5,'BKG26005',5,5,7,3,4,3546000.00,0.00,0.00,0.00,0.00,0.00,4070000.00,'ALLOCATED',NULL,NULL,'2026-01-20 10:50:00','2026-03-15 05:34:05',5),(6,'BKG26006',6,6,9,1,8,738000.00,0.00,0.00,0.00,0.00,0.00,848000.00,'BOOKED',NULL,NULL,'2026-01-25 04:45:00','2026-03-15 05:34:05',6),(7,'BKG26007',7,7,11,8,3,722000.00,0.00,0.00,0.00,0.00,0.00,830000.00,'ALLOCATED',NULL,NULL,'2026-01-28 06:15:00','2026-03-15 05:34:05',7),(8,'BKG26008',8,8,3,6,4,894000.00,0.00,0.00,0.00,0.00,0.00,1028000.00,'DELIVERED',NULL,NULL,'2026-02-02 04:00:00','2026-03-15 05:34:05',8),(9,'BKG26009',9,9,5,7,8,1423000.00,0.00,0.00,0.00,0.00,0.00,1636000.00,'ALLOCATED',NULL,NULL,'2026-02-05 08:40:00','2026-03-15 05:34:05',9),(10,'BKG26010',10,10,10,9,3,896000.00,0.00,0.00,0.00,0.00,0.00,1030000.00,'BOOKED',NULL,NULL,'2026-02-08 11:20:00','2026-03-15 05:34:05',10),(11,'BKG26011',11,11,1,2,4,1087000.00,0.00,0.00,0.00,0.00,0.00,1250000.00,'ALLOCATED',NULL,NULL,'2026-02-12 04:50:00','2026-03-15 05:34:05',11),(12,'BKG26012',12,12,8,5,8,4495000.00,0.00,0.00,0.00,0.00,0.00,5170000.00,'ALLOCATED',NULL,NULL,'2026-02-15 07:10:00','2026-03-15 05:34:05',12),(13,'BKG26013',13,13,6,1,3,1116000.00,0.00,0.00,0.00,0.00,0.00,1285000.00,'DELIVERED',NULL,NULL,'2026-02-18 04:45:00','2026-03-15 05:34:05',13),(14,'BKG26014',14,14,4,2,4,1318000.00,0.00,0.00,0.00,0.00,0.00,1515000.00,'ALLOCATED',NULL,NULL,'2026-02-22 08:30:00','2026-03-15 05:34:05',14),(15,'BKG26015',15,15,2,3,8,1900000.00,0.00,0.00,0.00,0.00,0.00,2185000.00,'BOOKED',NULL,NULL,'2026-02-25 03:30:00','2026-03-15 05:34:05',15),(16,'BKG26016',20,20,7,7,3,3546000.00,0.00,0.00,0.00,0.00,0.00,4070000.00,'ALLOCATED',NULL,NULL,'2026-03-02 05:30:00','2026-03-15 05:34:05',16),(17,'BKG26017',21,21,9,8,4,738000.00,0.00,0.00,0.00,0.00,0.00,848000.00,'BOOKED',NULL,NULL,'2026-03-05 09:00:00','2026-03-15 05:34:05',17),(18,'BKG26018',6,6,5,1,8,1423000.00,0.00,0.00,0.00,0.00,0.00,1636000.00,'ALLOCATED',NULL,NULL,'2026-03-08 04:30:00','2026-03-15 05:34:05',18),(19,'BKG26019',11,11,3,4,3,894000.00,0.00,0.00,0.00,0.00,0.00,1028000.00,'INVOICED',NULL,NULL,'2026-03-10 05:45:00','2026-03-15 05:34:05',19),(20,'BKG26020',14,14,12,5,4,2000000.00,0.00,0.00,0.00,0.00,0.00,2300000.00,'ALLOCATED',NULL,NULL,'2026-03-12 10:15:00','2026-03-15 05:34:05',20),(21,'BKG25-009',9,10,10,1,3,1200000.00,0.00,0.00,0.00,0.00,0.00,1400000.00,'DELIVERED',NULL,NULL,'2025-01-09 04:30:00','2026-03-15 06:16:37',54),(22,'BKG25-109',109,15,2,2,4,1200000.00,0.00,0.00,0.00,0.00,0.00,1400000.00,'DELIVERED',NULL,NULL,'2025-08-16 04:30:00','2026-03-15 06:16:37',154),(23,'BKG25-008',8,9,9,9,8,1200000.00,0.00,0.00,0.00,0.00,0.00,1400000.00,'DELIVERED',NULL,NULL,'2025-01-08 04:30:00','2026-03-15 06:16:37',53),(24,'BKG25-108',108,14,1,1,3,1200000.00,0.00,0.00,0.00,0.00,0.00,1400000.00,'DELIVERED',NULL,NULL,'2025-08-15 04:30:00','2026-03-15 06:16:37',153),(25,'BKG25-007',7,8,8,8,4,1200000.00,0.00,0.00,0.00,0.00,0.00,1400000.00,'DELIVERED',NULL,NULL,'2025-01-07 04:30:00','2026-03-15 06:16:37',52),(26,'BKG25-107',107,13,12,9,8,1200000.00,0.00,0.00,0.00,0.00,0.00,1400000.00,'DELIVERED',NULL,NULL,'2025-08-14 04:30:00','2026-03-15 06:16:37',152),(27,'BKG25-006',6,7,7,7,3,1200000.00,0.00,0.00,0.00,0.00,0.00,1400000.00,'DELIVERED',NULL,NULL,'2025-01-06 04:30:00','2026-03-15 06:16:37',51),(28,'BKG25-106',106,12,11,8,4,1200000.00,0.00,0.00,0.00,0.00,0.00,1400000.00,'DELIVERED',NULL,NULL,'2025-08-13 04:30:00','2026-03-15 06:16:37',151),(29,'BKG25-005',5,6,6,6,8,1200000.00,0.00,0.00,0.00,0.00,0.00,1400000.00,'DELIVERED',NULL,NULL,'2025-01-05 04:30:00','2026-03-15 06:16:37',50),(30,'BKG25-105',105,11,10,7,3,1200000.00,0.00,0.00,0.00,0.00,0.00,1400000.00,'DELIVERED',NULL,NULL,'2025-08-12 04:30:00','2026-03-15 06:16:37',150),(31,'BKG25-004',4,5,5,5,4,1200000.00,0.00,0.00,0.00,0.00,0.00,1400000.00,'DELIVERED',NULL,NULL,'2025-01-04 04:30:00','2026-03-15 06:16:37',49),(32,'BKG25-104',104,10,9,6,8,1200000.00,0.00,0.00,0.00,0.00,0.00,1400000.00,'DELIVERED',NULL,NULL,'2025-08-11 04:30:00','2026-03-15 06:16:37',149),(33,'BKG25-003',3,4,4,4,3,1200000.00,0.00,0.00,0.00,0.00,0.00,1400000.00,'DELIVERED',NULL,NULL,'2025-01-03 04:30:00','2026-03-15 06:16:37',48),(34,'BKG25-103',103,9,8,5,4,1200000.00,0.00,0.00,0.00,0.00,0.00,1400000.00,'DELIVERED',NULL,NULL,'2025-08-10 04:30:00','2026-03-15 06:16:37',148),(35,'BKG25-002',2,3,3,3,8,1200000.00,0.00,0.00,0.00,0.00,0.00,1400000.00,'DELIVERED',NULL,NULL,'2025-01-02 04:30:00','2026-03-15 06:16:37',47),(36,'BKG25-102',102,8,7,4,3,1200000.00,0.00,0.00,0.00,0.00,0.00,1400000.00,'DELIVERED',NULL,NULL,'2025-08-09 04:30:00','2026-03-15 06:16:37',147),(37,'BKG25-001',1,2,2,2,4,1200000.00,0.00,0.00,0.00,0.00,0.00,1400000.00,'DELIVERED',NULL,NULL,'2025-01-01 04:30:00','2026-03-15 06:16:37',46),(38,'BKG25-101',101,7,6,3,8,1200000.00,0.00,0.00,0.00,0.00,0.00,1400000.00,'DELIVERED',NULL,NULL,'2025-08-08 04:30:00','2026-03-15 06:16:37',146),(39,'BKG25-100',100,6,5,2,4,1200000.00,0.00,0.00,0.00,0.00,0.00,1400000.00,'DELIVERED',NULL,NULL,'2025-08-07 04:30:00','2026-03-15 06:16:37',145),(40,'BKG25-019',19,1,8,2,4,1200000.00,0.00,0.00,0.00,0.00,0.00,1400000.00,'DELIVERED',NULL,NULL,'2025-02-07 05:30:00','2026-03-15 06:16:37',64),(41,'BKG25-119',119,6,12,3,8,1200000.00,0.00,0.00,0.00,0.00,0.00,1400000.00,'DELIVERED',NULL,NULL,'2025-09-08 05:30:00','2026-03-15 06:16:37',164),(42,'BKG25-018',18,19,7,1,3,1200000.00,0.00,0.00,0.00,0.00,0.00,1400000.00,'DELIVERED',NULL,NULL,'2025-02-06 05:30:00','2026-03-15 06:16:37',63),(43,'BKG25-118',118,5,11,2,4,1200000.00,0.00,0.00,0.00,0.00,0.00,1400000.00,'DELIVERED',NULL,NULL,'2025-09-07 05:30:00','2026-03-15 06:16:37',163),(44,'BKG25-017',17,18,6,9,8,1200000.00,0.00,0.00,0.00,0.00,0.00,1400000.00,'DELIVERED',NULL,NULL,'2025-02-05 05:30:00','2026-03-15 06:16:37',62),(45,'BKG25-117',117,4,10,1,3,1200000.00,0.00,0.00,0.00,0.00,0.00,1400000.00,'DELIVERED',NULL,NULL,'2025-09-06 05:30:00','2026-03-15 06:16:37',162),(46,'BKG25-016',16,17,5,8,4,1200000.00,0.00,0.00,0.00,0.00,0.00,1400000.00,'DELIVERED',NULL,NULL,'2025-02-04 05:30:00','2026-03-15 06:16:37',61),(47,'BKG25-116',116,3,9,9,8,1200000.00,0.00,0.00,0.00,0.00,0.00,1400000.00,'DELIVERED',NULL,NULL,'2025-09-05 05:30:00','2026-03-15 06:16:37',161),(48,'BKG25-015',15,16,4,7,3,1200000.00,0.00,0.00,0.00,0.00,0.00,1400000.00,'DELIVERED',NULL,NULL,'2025-02-03 05:30:00','2026-03-15 06:16:37',60),(49,'BKG25-115',115,2,8,8,4,1200000.00,0.00,0.00,0.00,0.00,0.00,1400000.00,'DELIVERED',NULL,NULL,'2025-09-04 05:30:00','2026-03-15 06:16:37',160),(50,'BKG25-014',14,15,3,6,8,1200000.00,0.00,0.00,0.00,0.00,0.00,1400000.00,'DELIVERED',NULL,NULL,'2025-02-02 05:30:00','2026-03-15 06:16:37',59),(51,'BKG25-114',114,1,7,7,3,1200000.00,0.00,0.00,0.00,0.00,0.00,1400000.00,'DELIVERED',NULL,NULL,'2025-09-03 05:30:00','2026-03-15 06:16:37',159),(52,'BKG25-013',13,14,2,5,4,1200000.00,0.00,0.00,0.00,0.00,0.00,1400000.00,'DELIVERED',NULL,NULL,'2025-02-01 05:30:00','2026-03-15 06:16:37',58),(53,'BKG25-113',113,19,6,6,8,1200000.00,0.00,0.00,0.00,0.00,0.00,1400000.00,'DELIVERED',NULL,NULL,'2025-09-02 05:30:00','2026-03-15 06:16:37',158),(54,'BKG25-012',12,13,1,4,3,1200000.00,0.00,0.00,0.00,0.00,0.00,1400000.00,'DELIVERED',NULL,NULL,'2025-01-12 04:30:00','2026-03-15 06:16:37',57),(55,'BKG25-112',112,18,5,5,4,1200000.00,0.00,0.00,0.00,0.00,0.00,1400000.00,'DELIVERED',NULL,NULL,'2025-09-01 05:30:00','2026-03-15 06:16:37',157),(56,'BKG25-011',11,12,12,3,8,1200000.00,0.00,0.00,0.00,0.00,0.00,1400000.00,'DELIVERED',NULL,NULL,'2025-01-11 04:30:00','2026-03-15 06:16:37',56),(57,'BKG25-111',111,17,4,4,3,1200000.00,0.00,0.00,0.00,0.00,0.00,1400000.00,'DELIVERED',NULL,NULL,'2025-08-18 04:30:00','2026-03-15 06:16:37',156),(58,'BKG25-010',10,11,11,2,4,1200000.00,0.00,0.00,0.00,0.00,0.00,1400000.00,'DELIVERED',NULL,NULL,'2025-01-10 04:30:00','2026-03-15 06:16:37',55),(59,'BKG25-110',110,16,3,3,8,1200000.00,0.00,0.00,0.00,0.00,0.00,1400000.00,'DELIVERED',NULL,NULL,'2025-08-17 04:30:00','2026-03-15 06:16:37',155),(60,'BKG25-029',29,11,6,3,8,1200000.00,0.00,0.00,0.00,0.00,0.00,1400000.00,'DELIVERED',NULL,NULL,'2025-03-02 06:30:00','2026-03-15 06:16:37',74),(61,'BKG25-129',129,16,10,4,3,1200000.00,0.00,0.00,0.00,0.00,0.00,1400000.00,'DELIVERED',NULL,NULL,'2025-10-04 06:30:00','2026-03-15 06:16:37',174),(62,'BKG25-028',28,10,5,2,4,1200000.00,0.00,0.00,0.00,0.00,0.00,1400000.00,'DELIVERED',NULL,NULL,'2025-03-01 06:30:00','2026-03-15 06:16:37',73),(63,'BKG25-128',128,15,9,3,8,1200000.00,0.00,0.00,0.00,0.00,0.00,1400000.00,'DELIVERED',NULL,NULL,'2025-10-03 06:30:00','2026-03-15 06:16:37',173),(64,'BKG25-027',27,9,4,1,3,1200000.00,0.00,0.00,0.00,0.00,0.00,1400000.00,'DELIVERED',NULL,NULL,'2025-02-15 05:30:00','2026-03-15 06:16:37',72),(65,'BKG25-127',127,14,8,2,4,1200000.00,0.00,0.00,0.00,0.00,0.00,1400000.00,'DELIVERED',NULL,NULL,'2025-10-02 06:30:00','2026-03-15 06:16:37',172),(66,'BKG25-026',26,8,3,9,8,1200000.00,0.00,0.00,0.00,0.00,0.00,1400000.00,'DELIVERED',NULL,NULL,'2025-02-14 05:30:00','2026-03-15 06:16:37',71),(67,'BKG25-126',126,13,7,1,3,1200000.00,0.00,0.00,0.00,0.00,0.00,1400000.00,'DELIVERED',NULL,NULL,'2025-10-01 06:30:00','2026-03-15 06:16:37',171),(68,'BKG25-025',25,7,2,8,4,1200000.00,0.00,0.00,0.00,0.00,0.00,1400000.00,'DELIVERED',NULL,NULL,'2025-02-13 05:30:00','2026-03-15 06:16:37',70),(69,'BKG25-125',125,12,6,9,8,1200000.00,0.00,0.00,0.00,0.00,0.00,1400000.00,'DELIVERED',NULL,NULL,'2025-09-14 05:30:00','2026-03-15 06:16:37',170),(70,'BKG25-024',24,6,1,7,3,1200000.00,0.00,0.00,0.00,0.00,0.00,1400000.00,'DELIVERED',NULL,NULL,'2025-02-12 05:30:00','2026-03-15 06:16:37',69),(71,'BKG25-124',124,11,5,8,4,1200000.00,0.00,0.00,0.00,0.00,0.00,1400000.00,'DELIVERED',NULL,NULL,'2025-09-13 05:30:00','2026-03-15 06:16:37',169),(72,'BKG25-023',23,5,12,6,8,1200000.00,0.00,0.00,0.00,0.00,0.00,1400000.00,'DELIVERED',NULL,NULL,'2025-02-11 05:30:00','2026-03-15 06:16:37',68),(73,'BKG25-123',123,10,4,7,3,1200000.00,0.00,0.00,0.00,0.00,0.00,1400000.00,'DELIVERED',NULL,NULL,'2025-09-12 05:30:00','2026-03-15 06:16:37',168),(74,'BKG25-022',22,4,11,5,4,1200000.00,0.00,0.00,0.00,0.00,0.00,1400000.00,'DELIVERED',NULL,NULL,'2025-02-10 05:30:00','2026-03-15 06:16:37',67),(75,'BKG25-122',122,9,3,6,8,1200000.00,0.00,0.00,0.00,0.00,0.00,1400000.00,'DELIVERED',NULL,NULL,'2025-09-11 05:30:00','2026-03-15 06:16:37',167),(76,'BKG25-021',21,3,10,4,3,1200000.00,0.00,0.00,0.00,0.00,0.00,1400000.00,'DELIVERED',NULL,NULL,'2025-02-09 05:30:00','2026-03-15 06:16:37',66),(77,'BKG25-121',121,8,2,5,4,1200000.00,0.00,0.00,0.00,0.00,0.00,1400000.00,'DELIVERED',NULL,NULL,'2025-09-10 05:30:00','2026-03-15 06:16:37',166),(78,'BKG25-020',20,2,9,3,8,1200000.00,0.00,0.00,0.00,0.00,0.00,1400000.00,'DELIVERED',NULL,NULL,'2025-02-08 05:30:00','2026-03-15 06:16:37',65),(79,'BKG25-120',120,7,1,4,3,1200000.00,0.00,0.00,0.00,0.00,0.00,1400000.00,'DELIVERED',NULL,NULL,'2025-09-09 05:30:00','2026-03-15 06:16:37',165),(80,'BKG25-039',39,2,4,4,3,1200000.00,0.00,0.00,0.00,0.00,0.00,1400000.00,'DELIVERED',NULL,NULL,'2025-03-12 06:30:00','2026-03-15 06:16:37',84),(81,'BKG25-139',139,7,8,5,4,1200000.00,0.00,0.00,0.00,0.00,0.00,1400000.00,'DELIVERED',NULL,NULL,'2025-10-14 06:30:00','2026-03-15 06:16:37',184),(82,'BKG25-038',38,1,3,3,8,1200000.00,0.00,0.00,0.00,0.00,0.00,1400000.00,'DELIVERED',NULL,NULL,'2025-03-11 06:30:00','2026-03-15 06:16:37',83),(83,'BKG25-138',138,6,7,4,3,1200000.00,0.00,0.00,0.00,0.00,0.00,1400000.00,'DELIVERED',NULL,NULL,'2025-10-13 06:30:00','2026-03-15 06:16:37',183),(84,'BKG25-037',37,19,2,2,4,1200000.00,0.00,0.00,0.00,0.00,0.00,1400000.00,'DELIVERED',NULL,NULL,'2025-03-10 06:30:00','2026-03-15 06:16:37',82),(85,'BKG25-137',137,5,6,3,8,1200000.00,0.00,0.00,0.00,0.00,0.00,1400000.00,'DELIVERED',NULL,NULL,'2025-10-12 06:30:00','2026-03-15 06:16:37',182),(86,'BKG25-036',36,18,1,1,3,1200000.00,0.00,0.00,0.00,0.00,0.00,1400000.00,'DELIVERED',NULL,NULL,'2025-03-09 06:30:00','2026-03-15 06:16:37',81),(87,'BKG25-136',136,4,5,2,4,1200000.00,0.00,0.00,0.00,0.00,0.00,1400000.00,'DELIVERED',NULL,NULL,'2025-10-11 06:30:00','2026-03-15 06:16:37',181),(88,'BKG25-035',35,17,12,9,8,1200000.00,0.00,0.00,0.00,0.00,0.00,1400000.00,'DELIVERED',NULL,NULL,'2025-03-08 06:30:00','2026-03-15 06:16:37',80),(89,'BKG25-135',135,3,4,1,3,1200000.00,0.00,0.00,0.00,0.00,0.00,1400000.00,'DELIVERED',NULL,NULL,'2025-10-10 06:30:00','2026-03-15 06:16:37',180),(90,'BKG25-034',34,16,11,8,4,1200000.00,0.00,0.00,0.00,0.00,0.00,1400000.00,'DELIVERED',NULL,NULL,'2025-03-07 06:30:00','2026-03-15 06:16:37',79),(91,'BKG25-134',134,2,3,9,8,1200000.00,0.00,0.00,0.00,0.00,0.00,1400000.00,'DELIVERED',NULL,NULL,'2025-10-09 06:30:00','2026-03-15 06:16:37',179),(92,'BKG25-033',33,15,10,7,3,1200000.00,0.00,0.00,0.00,0.00,0.00,1400000.00,'DELIVERED',NULL,NULL,'2025-03-06 06:30:00','2026-03-15 06:16:37',78),(93,'BKG25-133',133,1,2,8,4,1200000.00,0.00,0.00,0.00,0.00,0.00,1400000.00,'DELIVERED',NULL,NULL,'2025-10-08 06:30:00','2026-03-15 06:16:37',178),(94,'BKG25-032',32,14,9,6,8,1200000.00,0.00,0.00,0.00,0.00,0.00,1400000.00,'DELIVERED',NULL,NULL,'2025-03-05 06:30:00','2026-03-15 06:16:37',77),(95,'BKG25-132',132,19,1,7,3,1200000.00,0.00,0.00,0.00,0.00,0.00,1400000.00,'DELIVERED',NULL,NULL,'2025-10-07 06:30:00','2026-03-15 06:16:37',177),(96,'BKG25-031',31,13,8,5,4,1200000.00,0.00,0.00,0.00,0.00,0.00,1400000.00,'DELIVERED',NULL,NULL,'2025-03-04 06:30:00','2026-03-15 06:16:37',76),(97,'BKG25-131',131,18,12,6,8,1200000.00,0.00,0.00,0.00,0.00,0.00,1400000.00,'DELIVERED',NULL,NULL,'2025-10-06 06:30:00','2026-03-15 06:16:37',176),(98,'BKG25-030',30,12,7,4,3,1200000.00,0.00,0.00,0.00,0.00,0.00,1400000.00,'DELIVERED',NULL,NULL,'2025-03-03 06:30:00','2026-03-15 06:16:37',75),(99,'BKG25-130',130,17,11,5,4,1200000.00,0.00,0.00,0.00,0.00,0.00,1400000.00,'DELIVERED',NULL,NULL,'2025-10-05 06:30:00','2026-03-15 06:16:37',175),(100,'BKG25-049',49,12,2,5,4,1200000.00,0.00,0.00,0.00,0.00,0.00,1400000.00,'DELIVERED',NULL,NULL,'2025-03-22 06:30:00','2026-03-15 06:16:37',94),(101,'BKG25-149',149,17,6,6,8,1200000.00,0.00,0.00,0.00,0.00,0.00,1400000.00,'DELIVERED',NULL,NULL,'2025-10-24 06:30:00','2026-03-15 06:16:37',194),(102,'BKG25-048',48,11,1,4,3,1200000.00,0.00,0.00,0.00,0.00,0.00,1400000.00,'DELIVERED',NULL,NULL,'2025-03-21 06:30:00','2026-03-15 06:16:37',93),(103,'BKG25-148',148,16,5,5,4,1200000.00,0.00,0.00,0.00,0.00,0.00,1400000.00,'DELIVERED',NULL,NULL,'2025-10-23 06:30:00','2026-03-15 06:16:37',193),(104,'BKG25-047',47,10,12,3,8,1200000.00,0.00,0.00,0.00,0.00,0.00,1400000.00,'DELIVERED',NULL,NULL,'2025-03-20 06:30:00','2026-03-15 06:16:37',92),(105,'BKG25-147',147,15,4,4,3,1200000.00,0.00,0.00,0.00,0.00,0.00,1400000.00,'DELIVERED',NULL,NULL,'2025-10-22 06:30:00','2026-03-15 06:16:37',192),(106,'BKG25-046',46,9,11,2,4,1200000.00,0.00,0.00,0.00,0.00,0.00,1400000.00,'DELIVERED',NULL,NULL,'2025-03-19 06:30:00','2026-03-15 06:16:37',91),(107,'BKG25-146',146,14,3,3,8,1200000.00,0.00,0.00,0.00,0.00,0.00,1400000.00,'DELIVERED',NULL,NULL,'2025-10-21 06:30:00','2026-03-15 06:16:37',191),(108,'BKG25-045',45,8,10,1,3,1200000.00,0.00,0.00,0.00,0.00,0.00,1400000.00,'DELIVERED',NULL,NULL,'2025-03-18 06:30:00','2026-03-15 06:16:37',90),(109,'BKG25-145',145,13,2,2,4,1200000.00,0.00,0.00,0.00,0.00,0.00,1400000.00,'DELIVERED',NULL,NULL,'2025-10-20 06:30:00','2026-03-15 06:16:37',190),(110,'BKG25-044',44,7,9,9,8,1200000.00,0.00,0.00,0.00,0.00,0.00,1400000.00,'DELIVERED',NULL,NULL,'2025-03-17 06:30:00','2026-03-15 06:16:37',89),(111,'BKG25-144',144,12,1,1,3,1200000.00,0.00,0.00,0.00,0.00,0.00,1400000.00,'DELIVERED',NULL,NULL,'2025-10-19 06:30:00','2026-03-15 06:16:37',189),(112,'BKG25-043',43,6,8,8,4,1200000.00,0.00,0.00,0.00,0.00,0.00,1400000.00,'DELIVERED',NULL,NULL,'2025-03-16 06:30:00','2026-03-15 06:16:37',88),(113,'BKG25-143',143,11,12,9,8,1200000.00,0.00,0.00,0.00,0.00,0.00,1400000.00,'DELIVERED',NULL,NULL,'2025-10-18 06:30:00','2026-03-15 06:16:37',188),(114,'BKG25-042',42,5,7,7,3,1200000.00,0.00,0.00,0.00,0.00,0.00,1400000.00,'DELIVERED',NULL,NULL,'2025-03-15 06:30:00','2026-03-15 06:16:37',87),(115,'BKG25-142',142,10,11,8,4,1200000.00,0.00,0.00,0.00,0.00,0.00,1400000.00,'DELIVERED',NULL,NULL,'2025-10-17 06:30:00','2026-03-15 06:16:37',187),(116,'BKG25-041',41,4,6,6,8,1200000.00,0.00,0.00,0.00,0.00,0.00,1400000.00,'DELIVERED',NULL,NULL,'2025-03-14 06:30:00','2026-03-15 06:16:37',86),(117,'BKG25-141',141,9,10,7,3,1200000.00,0.00,0.00,0.00,0.00,0.00,1400000.00,'DELIVERED',NULL,NULL,'2025-10-16 06:30:00','2026-03-15 06:16:37',186),(118,'BKG25-040',40,3,5,5,4,1200000.00,0.00,0.00,0.00,0.00,0.00,1400000.00,'DELIVERED',NULL,NULL,'2025-03-13 06:30:00','2026-03-15 06:16:37',85),(119,'BKG25-140',140,8,9,6,8,1200000.00,0.00,0.00,0.00,0.00,0.00,1400000.00,'DELIVERED',NULL,NULL,'2025-10-15 06:30:00','2026-03-15 06:16:37',185),(120,'BKG25-059',59,3,12,6,8,1200000.00,0.00,0.00,0.00,0.00,0.00,1400000.00,'DELIVERED',NULL,NULL,'2025-04-10 04:30:00','2026-03-15 06:16:37',104),(121,'BKG25-159',159,8,4,7,3,1200000.00,0.00,0.00,0.00,0.00,0.00,1400000.00,'DELIVERED',NULL,NULL,'2025-11-09 08:30:00','2026-03-15 06:16:37',204),(122,'BKG25-058',58,2,11,5,4,1200000.00,0.00,0.00,0.00,0.00,0.00,1400000.00,'DELIVERED',NULL,NULL,'2025-04-09 04:30:00','2026-03-15 06:16:37',103),(123,'BKG25-158',158,7,3,6,8,1200000.00,0.00,0.00,0.00,0.00,0.00,1400000.00,'DELIVERED',NULL,NULL,'2025-11-08 08:30:00','2026-03-15 06:16:37',203),(124,'BKG25-057',57,1,10,4,3,1200000.00,0.00,0.00,0.00,0.00,0.00,1400000.00,'DELIVERED',NULL,NULL,'2025-04-08 04:30:00','2026-03-15 06:16:37',102),(125,'BKG25-157',157,6,2,5,4,1200000.00,0.00,0.00,0.00,0.00,0.00,1400000.00,'DELIVERED',NULL,NULL,'2025-11-07 08:30:00','2026-03-15 06:16:37',202),(126,'BKG25-056',56,19,9,3,8,1200000.00,0.00,0.00,0.00,0.00,0.00,1400000.00,'DELIVERED',NULL,NULL,'2025-04-07 04:30:00','2026-03-15 06:16:37',101),(127,'BKG25-156',156,5,1,4,3,1200000.00,0.00,0.00,0.00,0.00,0.00,1400000.00,'DELIVERED',NULL,NULL,'2025-11-06 08:30:00','2026-03-15 06:16:37',201),(128,'BKG25-055',55,18,8,2,4,1200000.00,0.00,0.00,0.00,0.00,0.00,1400000.00,'DELIVERED',NULL,NULL,'2025-04-06 04:30:00','2026-03-15 06:16:37',100),(129,'BKG25-155',155,4,12,3,8,1200000.00,0.00,0.00,0.00,0.00,0.00,1400000.00,'DELIVERED',NULL,NULL,'2025-11-05 08:30:00','2026-03-15 06:16:37',200),(130,'BKG25-054',54,17,7,1,3,1200000.00,0.00,0.00,0.00,0.00,0.00,1400000.00,'DELIVERED',NULL,NULL,'2025-04-05 04:30:00','2026-03-15 06:16:37',99),(131,'BKG25-154',154,3,11,2,4,1200000.00,0.00,0.00,0.00,0.00,0.00,1400000.00,'DELIVERED',NULL,NULL,'2025-11-04 08:30:00','2026-03-15 06:16:37',199),(132,'BKG25-053',53,16,6,9,8,1200000.00,0.00,0.00,0.00,0.00,0.00,1400000.00,'DELIVERED',NULL,NULL,'2025-04-04 04:30:00','2026-03-15 06:16:37',98),(133,'BKG25-153',153,2,10,1,3,1200000.00,0.00,0.00,0.00,0.00,0.00,1400000.00,'DELIVERED',NULL,NULL,'2025-11-03 08:30:00','2026-03-15 06:16:37',198),(134,'BKG25-052',52,15,5,8,4,1200000.00,0.00,0.00,0.00,0.00,0.00,1400000.00,'DELIVERED',NULL,NULL,'2025-04-03 04:30:00','2026-03-15 06:16:37',97),(135,'BKG25-152',152,1,9,9,8,1200000.00,0.00,0.00,0.00,0.00,0.00,1400000.00,'DELIVERED',NULL,NULL,'2025-11-02 08:30:00','2026-03-15 06:16:37',197),(136,'BKG25-051',51,14,4,7,3,1200000.00,0.00,0.00,0.00,0.00,0.00,1400000.00,'DELIVERED',NULL,NULL,'2025-04-02 04:30:00','2026-03-15 06:16:37',96),(137,'BKG25-151',151,19,8,8,4,1200000.00,0.00,0.00,0.00,0.00,0.00,1400000.00,'DELIVERED',NULL,NULL,'2025-11-01 08:30:00','2026-03-15 06:16:37',196),(138,'BKG25-050',50,13,3,6,8,1200000.00,0.00,0.00,0.00,0.00,0.00,1400000.00,'DELIVERED',NULL,NULL,'2025-04-01 04:30:00','2026-03-15 06:16:37',95),(139,'BKG25-150',150,18,7,7,3,1200000.00,0.00,0.00,0.00,0.00,0.00,1400000.00,'DELIVERED',NULL,NULL,'2025-10-25 06:30:00','2026-03-15 06:16:37',195),(140,'BKG25-069',69,13,10,7,3,1200000.00,0.00,0.00,0.00,0.00,0.00,1400000.00,'DELIVERED',NULL,NULL,'2025-05-10 08:30:00','2026-03-15 06:16:37',114),(141,'BKG25-169',169,18,2,8,4,1200000.00,0.00,0.00,0.00,0.00,0.00,1400000.00,'DELIVERED',NULL,NULL,'2025-11-19 08:30:00','2026-03-15 06:16:37',214),(142,'BKG25-068',68,12,9,6,8,1200000.00,0.00,0.00,0.00,0.00,0.00,1400000.00,'DELIVERED',NULL,NULL,'2025-05-09 08:30:00','2026-03-15 06:16:37',113),(143,'BKG25-168',168,17,1,7,3,1200000.00,0.00,0.00,0.00,0.00,0.00,1400000.00,'DELIVERED',NULL,NULL,'2025-11-18 08:30:00','2026-03-15 06:16:37',213),(144,'BKG25-067',67,11,8,5,4,1200000.00,0.00,0.00,0.00,0.00,0.00,1400000.00,'DELIVERED',NULL,NULL,'2025-05-08 08:30:00','2026-03-15 06:16:37',112),(145,'BKG25-167',167,16,12,6,8,1200000.00,0.00,0.00,0.00,0.00,0.00,1400000.00,'DELIVERED',NULL,NULL,'2025-11-17 08:30:00','2026-03-15 06:16:37',212),(146,'BKG25-066',66,10,7,4,3,1200000.00,0.00,0.00,0.00,0.00,0.00,1400000.00,'DELIVERED',NULL,NULL,'2025-05-07 08:30:00','2026-03-15 06:16:37',111),(147,'BKG25-166',166,15,11,5,4,1200000.00,0.00,0.00,0.00,0.00,0.00,1400000.00,'DELIVERED',NULL,NULL,'2025-11-16 08:30:00','2026-03-15 06:16:37',211),(148,'BKG25-065',65,9,6,3,8,1200000.00,0.00,0.00,0.00,0.00,0.00,1400000.00,'DELIVERED',NULL,NULL,'2025-05-06 08:30:00','2026-03-15 06:16:37',110),(149,'BKG25-165',165,14,10,4,3,1200000.00,0.00,0.00,0.00,0.00,0.00,1400000.00,'DELIVERED',NULL,NULL,'2025-11-15 08:30:00','2026-03-15 06:16:37',210),(150,'BKG25-064',64,8,5,2,4,1200000.00,0.00,0.00,0.00,0.00,0.00,1400000.00,'DELIVERED',NULL,NULL,'2025-05-05 08:30:00','2026-03-15 06:16:37',109),(151,'BKG25-164',164,13,9,3,8,1200000.00,0.00,0.00,0.00,0.00,0.00,1400000.00,'DELIVERED',NULL,NULL,'2025-11-14 08:30:00','2026-03-15 06:16:37',209),(152,'BKG25-063',63,7,4,1,3,1200000.00,0.00,0.00,0.00,0.00,0.00,1400000.00,'DELIVERED',NULL,NULL,'2025-05-04 08:30:00','2026-03-15 06:16:37',108),(153,'BKG25-163',163,12,8,2,4,1200000.00,0.00,0.00,0.00,0.00,0.00,1400000.00,'DELIVERED',NULL,NULL,'2025-11-13 08:30:00','2026-03-15 06:16:37',208),(154,'BKG25-062',62,6,3,9,8,1200000.00,0.00,0.00,0.00,0.00,0.00,1400000.00,'DELIVERED',NULL,NULL,'2025-05-03 08:30:00','2026-03-15 06:16:37',107),(155,'BKG25-162',162,11,7,1,3,1200000.00,0.00,0.00,0.00,0.00,0.00,1400000.00,'DELIVERED',NULL,NULL,'2025-11-12 08:30:00','2026-03-15 06:16:37',207),(156,'BKG25-061',61,5,2,8,4,1200000.00,0.00,0.00,0.00,0.00,0.00,1400000.00,'DELIVERED',NULL,NULL,'2025-05-02 08:30:00','2026-03-15 06:16:37',106),(157,'BKG25-161',161,10,6,9,8,1200000.00,0.00,0.00,0.00,0.00,0.00,1400000.00,'DELIVERED',NULL,NULL,'2025-11-11 08:30:00','2026-03-15 06:16:37',206),(158,'BKG25-060',60,4,1,7,3,1200000.00,0.00,0.00,0.00,0.00,0.00,1400000.00,'DELIVERED',NULL,NULL,'2025-05-01 08:30:00','2026-03-15 06:16:37',105),(159,'BKG25-160',160,9,5,8,4,1200000.00,0.00,0.00,0.00,0.00,0.00,1400000.00,'DELIVERED',NULL,NULL,'2025-11-10 08:30:00','2026-03-15 06:16:37',205),(160,'BKG25-079',79,4,8,8,4,1200000.00,0.00,0.00,0.00,0.00,0.00,1400000.00,'DELIVERED',NULL,NULL,'2025-06-06 09:30:00','2026-03-15 06:16:37',124),(161,'BKG25-179',179,9,12,9,8,1200000.00,0.00,0.00,0.00,0.00,0.00,1400000.00,'DELIVERED',NULL,NULL,'2025-12-09 09:30:00','2026-03-15 06:16:37',224),(162,'BKG25-078',78,3,7,7,3,1200000.00,0.00,0.00,0.00,0.00,0.00,1400000.00,'DELIVERED',NULL,NULL,'2025-06-05 09:30:00','2026-03-15 06:16:37',123),(163,'BKG25-178',178,8,11,8,4,1200000.00,0.00,0.00,0.00,0.00,0.00,1400000.00,'DELIVERED',NULL,NULL,'2025-12-08 09:30:00','2026-03-15 06:16:37',223),(164,'BKG25-077',77,2,6,6,8,1200000.00,0.00,0.00,0.00,0.00,0.00,1400000.00,'DELIVERED',NULL,NULL,'2025-06-04 09:30:00','2026-03-15 06:16:37',122),(165,'BKG25-177',177,7,10,7,3,1200000.00,0.00,0.00,0.00,0.00,0.00,1400000.00,'DELIVERED',NULL,NULL,'2025-12-07 09:30:00','2026-03-15 06:16:37',222),(166,'BKG25-076',76,1,5,5,4,1200000.00,0.00,0.00,0.00,0.00,0.00,1400000.00,'DELIVERED',NULL,NULL,'2025-06-03 09:30:00','2026-03-15 06:16:37',121),(167,'BKG25-176',176,6,9,6,8,1200000.00,0.00,0.00,0.00,0.00,0.00,1400000.00,'DELIVERED',NULL,NULL,'2025-12-06 09:30:00','2026-03-15 06:16:37',221),(168,'BKG25-075',75,19,4,4,3,1200000.00,0.00,0.00,0.00,0.00,0.00,1400000.00,'DELIVERED',NULL,NULL,'2025-06-02 09:30:00','2026-03-15 06:16:37',120),(169,'BKG25-175',175,5,8,5,4,1200000.00,0.00,0.00,0.00,0.00,0.00,1400000.00,'DELIVERED',NULL,NULL,'2025-12-05 09:30:00','2026-03-15 06:16:37',220),(170,'BKG25-074',74,18,3,3,8,1200000.00,0.00,0.00,0.00,0.00,0.00,1400000.00,'DELIVERED',NULL,NULL,'2025-06-01 09:30:00','2026-03-15 06:16:37',119),(171,'BKG25-174',174,4,7,4,3,1200000.00,0.00,0.00,0.00,0.00,0.00,1400000.00,'DELIVERED',NULL,NULL,'2025-12-04 09:30:00','2026-03-15 06:16:37',219),(172,'BKG25-073',73,17,2,2,4,1200000.00,0.00,0.00,0.00,0.00,0.00,1400000.00,'DELIVERED',NULL,NULL,'2025-05-14 08:30:00','2026-03-15 06:16:37',118),(173,'BKG25-173',173,3,6,3,8,1200000.00,0.00,0.00,0.00,0.00,0.00,1400000.00,'DELIVERED',NULL,NULL,'2025-12-03 09:30:00','2026-03-15 06:16:37',218),(174,'BKG25-072',72,16,1,1,3,1200000.00,0.00,0.00,0.00,0.00,0.00,1400000.00,'DELIVERED',NULL,NULL,'2025-05-13 08:30:00','2026-03-15 06:16:37',117),(175,'BKG25-172',172,2,5,2,4,1200000.00,0.00,0.00,0.00,0.00,0.00,1400000.00,'DELIVERED',NULL,NULL,'2025-12-02 09:30:00','2026-03-15 06:16:37',217),(176,'BKG25-071',71,15,12,9,8,1200000.00,0.00,0.00,0.00,0.00,0.00,1400000.00,'DELIVERED',NULL,NULL,'2025-05-12 08:30:00','2026-03-15 06:16:37',116),(177,'BKG25-171',171,1,4,1,3,1200000.00,0.00,0.00,0.00,0.00,0.00,1400000.00,'DELIVERED',NULL,NULL,'2025-12-01 09:30:00','2026-03-15 06:16:37',216),(178,'BKG25-070',70,14,11,8,4,1200000.00,0.00,0.00,0.00,0.00,0.00,1400000.00,'DELIVERED',NULL,NULL,'2025-05-11 08:30:00','2026-03-15 06:16:37',115),(179,'BKG25-170',170,19,3,9,8,1200000.00,0.00,0.00,0.00,0.00,0.00,1400000.00,'DELIVERED',NULL,NULL,'2025-11-20 08:30:00','2026-03-15 06:16:37',215),(180,'BKG25-089',89,14,6,9,8,1200000.00,0.00,0.00,0.00,0.00,0.00,1400000.00,'DELIVERED',NULL,NULL,'2025-07-08 10:30:00','2026-03-15 06:16:37',134),(181,'BKG25-088',88,13,5,8,4,1200000.00,0.00,0.00,0.00,0.00,0.00,1400000.00,'DELIVERED',NULL,NULL,'2025-07-07 10:30:00','2026-03-15 06:16:37',133),(182,'BKG25-087',87,12,4,7,3,1200000.00,0.00,0.00,0.00,0.00,0.00,1400000.00,'DELIVERED',NULL,NULL,'2025-07-06 10:30:00','2026-03-15 06:16:37',132),(183,'BKG25-086',86,11,3,6,8,1200000.00,0.00,0.00,0.00,0.00,0.00,1400000.00,'DELIVERED',NULL,NULL,'2025-07-05 10:30:00','2026-03-15 06:16:37',131),(184,'BKG25-085',85,10,2,5,4,1200000.00,0.00,0.00,0.00,0.00,0.00,1400000.00,'DELIVERED',NULL,NULL,'2025-07-04 10:30:00','2026-03-15 06:16:37',130),(185,'BKG25-084',84,9,1,4,3,1200000.00,0.00,0.00,0.00,0.00,0.00,1400000.00,'DELIVERED',NULL,NULL,'2025-07-03 10:30:00','2026-03-15 06:16:37',129),(186,'BKG25-184',184,14,5,5,4,1200000.00,0.00,0.00,0.00,0.00,0.00,1400000.00,'DELIVERED',NULL,NULL,'2025-12-14 09:30:00','2026-03-15 06:16:37',229),(187,'BKG25-083',83,8,12,3,8,1200000.00,0.00,0.00,0.00,0.00,0.00,1400000.00,'DELIVERED',NULL,NULL,'2025-07-02 10:30:00','2026-03-15 06:16:37',128),(188,'BKG25-183',183,13,4,4,3,1200000.00,0.00,0.00,0.00,0.00,0.00,1400000.00,'DELIVERED',NULL,NULL,'2025-12-13 09:30:00','2026-03-15 06:16:37',228),(189,'BKG25-082',82,7,11,2,4,1200000.00,0.00,0.00,0.00,0.00,0.00,1400000.00,'DELIVERED',NULL,NULL,'2025-07-01 10:30:00','2026-03-15 06:16:37',127),(190,'BKG25-182',182,12,3,3,8,1200000.00,0.00,0.00,0.00,0.00,0.00,1400000.00,'DELIVERED',NULL,NULL,'2025-12-12 09:30:00','2026-03-15 06:16:37',227),(191,'BKG25-081',81,6,10,1,3,1200000.00,0.00,0.00,0.00,0.00,0.00,1400000.00,'DELIVERED',NULL,NULL,'2025-06-08 09:30:00','2026-03-15 06:16:37',126),(192,'BKG25-181',181,11,2,2,4,1200000.00,0.00,0.00,0.00,0.00,0.00,1400000.00,'DELIVERED',NULL,NULL,'2025-12-11 09:30:00','2026-03-15 06:16:37',226),(193,'BKG25-080',80,5,9,9,8,1200000.00,0.00,0.00,0.00,0.00,0.00,1400000.00,'DELIVERED',NULL,NULL,'2025-06-07 09:30:00','2026-03-15 06:16:37',125),(194,'BKG25-180',180,10,1,1,3,1200000.00,0.00,0.00,0.00,0.00,0.00,1400000.00,'DELIVERED',NULL,NULL,'2025-12-10 09:30:00','2026-03-15 06:16:37',225),(195,'BKG25-099',99,5,4,1,3,1200000.00,0.00,0.00,0.00,0.00,0.00,1400000.00,'DELIVERED',NULL,NULL,'2025-08-06 04:30:00','2026-03-15 06:16:37',144),(196,'BKG25-098',98,4,3,9,8,1200000.00,0.00,0.00,0.00,0.00,0.00,1400000.00,'DELIVERED',NULL,NULL,'2025-08-05 04:30:00','2026-03-15 06:16:37',143),(197,'BKG25-097',97,3,2,8,4,1200000.00,0.00,0.00,0.00,0.00,0.00,1400000.00,'DELIVERED',NULL,NULL,'2025-08-04 04:30:00','2026-03-15 06:16:37',142),(198,'BKG25-096',96,2,1,7,3,1200000.00,0.00,0.00,0.00,0.00,0.00,1400000.00,'DELIVERED',NULL,NULL,'2025-08-03 04:30:00','2026-03-15 06:16:37',141),(199,'BKG25-095',95,1,12,6,8,1200000.00,0.00,0.00,0.00,0.00,0.00,1400000.00,'DELIVERED',NULL,NULL,'2025-08-02 04:30:00','2026-03-15 06:16:37',140),(200,'BKG25-094',94,19,11,5,4,1200000.00,0.00,0.00,0.00,0.00,0.00,1400000.00,'DELIVERED',NULL,NULL,'2025-08-01 04:30:00','2026-03-15 06:16:37',139),(201,'BKG25-093',93,18,10,4,3,1200000.00,0.00,0.00,0.00,0.00,0.00,1400000.00,'DELIVERED',NULL,NULL,'2025-07-12 10:30:00','2026-03-15 06:16:37',138),(202,'BKG25-092',92,17,9,3,8,1200000.00,0.00,0.00,0.00,0.00,0.00,1400000.00,'DELIVERED',NULL,NULL,'2025-07-11 10:30:00','2026-03-15 06:16:37',137),(203,'BKG25-091',91,16,8,2,4,1200000.00,0.00,0.00,0.00,0.00,0.00,1400000.00,'DELIVERED',NULL,NULL,'2025-07-10 10:30:00','2026-03-15 06:16:37',136),(204,'BKG25-090',90,15,7,1,3,1200000.00,0.00,0.00,0.00,0.00,0.00,1400000.00,'DELIVERED',NULL,NULL,'2025-07-09 10:30:00','2026-03-15 06:16:37',135);
/*!40000 ALTER TABLE `bookings` ENABLE KEYS */;
UNLOCK TABLES;

--
-- Table structure for table `colors`
--

DROP TABLE IF EXISTS `colors`;
/*!40101 SET @saved_cs_client     = @@character_set_client */;
/*!50503 SET character_set_client = utf8mb4 */;
CREATE TABLE `colors` (
  `id` bigint NOT NULL AUTO_INCREMENT,
  `name` varchar(50) NOT NULL,
  `hex_code` varchar(10) DEFAULT NULL,
  PRIMARY KEY (`id`),
  UNIQUE KEY `uq_color_name` (`name`)
) ENGINE=InnoDB AUTO_INCREMENT=10 DEFAULT CHARSET=utf8mb4 COLLATE=utf8mb4_0900_ai_ci;
/*!40101 SET character_set_client = @saved_cs_client */;

--
-- Dumping data for table `colors`
--

LOCK TABLES `colors` WRITE;
/*!40000 ALTER TABLE `colors` DISABLE KEYS */;
INSERT INTO `colors` VALUES (1,'Polar White','#FFFFFF'),(2,'Typhoon Silver','#C0C0C0'),(3,'Titan Grey','#808080'),(4,'Phantom Black','#000000'),(5,'Fiery Red','#FF0000'),(6,'Starry Night','#000080'),(7,'Abyss Black','#1A1A1A'),(8,'Ranger Khaki','#C3B091'),(9,'Atlas White','#F5F5DC');
/*!40000 ALTER TABLE `colors` ENABLE KEYS */;
UNLOCK TABLES;

--
-- Table structure for table `customer_addresses`
--

DROP TABLE IF EXISTS `customer_addresses`;
/*!40101 SET @saved_cs_client     = @@character_set_client */;
/*!50503 SET character_set_client = utf8mb4 */;
CREATE TABLE `customer_addresses` (
  `id` bigint NOT NULL AUTO_INCREMENT,
  `customer_id` bigint NOT NULL,
  `type` enum('HOME','OFFICE','OTHER') DEFAULT 'HOME',
  `line1` varchar(255) NOT NULL,
  `line2` varchar(255) DEFAULT NULL,
  `city` varchar(100) NOT NULL,
  `state` varchar(100) NOT NULL,
  `pincode` varchar(10) NOT NULL,
  `is_primary` tinyint(1) DEFAULT '0',
  PRIMARY KEY (`id`),
  KEY `idx_ca_customer` (`customer_id`),
  CONSTRAINT `fk_ca_customer` FOREIGN KEY (`customer_id`) REFERENCES `customers` (`id`) ON DELETE CASCADE
) ENGINE=InnoDB AUTO_INCREMENT=46 DEFAULT CHARSET=utf8mb4 COLLATE=utf8mb4_0900_ai_ci;
/*!40101 SET character_set_client = @saved_cs_client */;

--
-- Dumping data for table `customer_addresses`
--

LOCK TABLES `customer_addresses` WRITE;
/*!40000 ALTER TABLE `customer_addresses` DISABLE KEYS */;
INSERT INTO `customer_addresses` VALUES (1,1,'HOME','101, Residency Road','MG Road Area','Bangalore','Karnataka','560001',1),(2,2,'HOME','A-5, Marine Drive','Chowpatty','Mumbai','Maharashtra','400002',1),(3,3,'HOME','42, Park Street','New Market','Kolkata','West Bengal','700016',1),(4,4,'HOME','15, Connaught Place','Rajiv Chowk','New Delhi','Delhi','110001',1),(5,5,'HOME','24, Jubilee Hills','Road No 36','Hyderabad','Telangana','500033',1),(6,6,'HOME','Plot 55, Anna Nagar','East End','Chennai','Tamil Nadu','600040',1),(7,7,'HOME','B-12, Koregaon Park','North Main Road','Pune','Maharashtra','411001',1),(8,8,'HOME','68, Vesu','Canal Road','Surat','Gujarat','395007',1),(9,9,'HOME','Block A, Satellite','SG Highway','Ahmedabad','Gujarat','380015',1),(10,10,'HOME','11/2, Aliganj','Kapoorthala','Lucknow','Uttar Pradesh','226024',1),(11,11,'HOME','23, Civil Lines','Mall Road','Kanpur','Uttar Pradesh','208001',1),(12,12,'HOME','18, Indiranagar','100 Feet Road','Bangalore','Karnataka','560038',1),(13,13,'HOME','C-4, Andheri West','Lokhandwala','Mumbai','Maharashtra','400053',1),(14,14,'HOME','55, Salt Lake','Sector V','Kolkata','West Bengal','700091',1),(15,15,'HOME','22, Vasant Kunj','Nelson Mandela Marg','New Delhi','Delhi','110070',1),(16,16,'HOME','33, Banjara Hills','Road No 12','Hyderabad','Telangana','500034',1),(17,17,'HOME','Plot 66, T Nagar','Pondy Bazaar','Chennai','Tamil Nadu','600017',1),(18,18,'HOME','D-15, Kalyani Nagar','Gold Adlabs Area','Pune','Maharashtra','411006',1),(19,19,'HOME','78, Adajan','Pal Road','Surat','Gujarat','395009',1),(20,20,'HOME','Block B, Navrangpura','CG Road','Ahmedabad','Gujarat','380009',1),(21,21,'HOME','12/3, Gomti Nagar','Patrakarpuram','Lucknow','Uttar Pradesh','226010',1),(22,22,'HOME','25, Swaroop Nagar','Motijheel','Kanpur','Uttar Pradesh','208002',1),(23,23,'HOME','19, Koramangala','80 Feet Road','Bangalore','Karnataka','560034',1),(24,24,'HOME','E-6, Bandra West','Linking Road','Mumbai','Maharashtra','400050',1),(25,25,'HOME','56, Rajarhat','New Town','Kolkata','West Bengal','700156',1),(26,26,'HOME','26, Dwarka','Sector 10','New Delhi','Delhi','110075',1),(27,27,'HOME','35, HITEC City','Madhapur','Hyderabad','Telangana','500081',1),(28,28,'HOME','Plot 77, Adyar','Besant Nagar','Chennai','Tamil Nadu','600020',1),(29,29,'HOME','F-18, Viman Nagar','Phoenix Mall Area','Pune','Maharashtra','411014',1),(30,30,'HOME','88, Piplod','Dumas Road','Surat','Gujarat','395007',1),(31,31,'HOME','Block C, Prahlad Nagar','Corporate Road','Ahmedabad','Gujarat','380015',1),(32,32,'HOME','14/5, Hazratganj','Ashok Marg','Lucknow','Uttar Pradesh','226001',1),(33,33,'HOME','28, Kakadeo','Geeta Nagar','Kanpur','Uttar Pradesh','208025',1),(34,34,'HOME','21, Whitefield','ITPB Area','Bangalore','Karnataka','560066',1),(35,35,'HOME','G-8, Juhu','Juhu Tara Road','Mumbai','Maharashtra','400049',1),(36,36,'HOME','59, Ballygunge','Gariahat Road','Kolkata','West Bengal','700019',1),(37,37,'HOME','29, Rohini','Sector 15','New Delhi','Delhi','110085',1),(38,38,'HOME','38, Gachibowli','Financial District','Hyderabad','Telangana','500032',1),(39,39,'HOME','Plot 88, Velachery','100 Feet Bypass Road','Chennai','Tamil Nadu','600042',1),(40,40,'HOME','H-20, Hinjewadi','Phase 1','Pune','Maharashtra','411057',1),(41,41,'HOME','90, Varachha','A K Road','Surat','Gujarat','395006',1),(42,42,'HOME','Block D, Bopal','Ambli Road','Ahmedabad','Gujarat','380058',1),(43,43,'HOME','16/7, Mahanagar','Kapoorthala Road','Lucknow','Uttar Pradesh','226006',1),(44,44,'HOME','30, Kidwai Nagar','South','Kanpur','Uttar Pradesh','208011',1),(45,45,'HOME','24, Jayanagar','4th Block','Bangalore','Karnataka','560011',1);
/*!40000 ALTER TABLE `customer_addresses` ENABLE KEYS */;
UNLOCK TABLES;

--
-- Table structure for table `customers`
--

DROP TABLE IF EXISTS `customers`;
/*!40101 SET @saved_cs_client     = @@character_set_client */;
/*!50503 SET character_set_client = utf8mb4 */;
CREATE TABLE `customers` (
  `id` bigint NOT NULL AUTO_INCREMENT,
  `customer_code` varchar(20) NOT NULL,
  `first_name` varchar(80) NOT NULL,
  `last_name` varchar(80) NOT NULL,
  `email` varchar(150) DEFAULT NULL,
  `phone` varchar(20) NOT NULL,
  `alternate_phone` varchar(20) DEFAULT NULL,
  `date_of_birth` date DEFAULT NULL,
  `gender` enum('MALE','FEMALE','OTHER') DEFAULT NULL,
  `pan_number` varchar(10) DEFAULT NULL,
  `aadhaar_number` varchar(12) DEFAULT NULL,
  `customer_type` enum('INDIVIDUAL','CORPORATE') DEFAULT 'INDIVIDUAL',
  `company_name` varchar(150) DEFAULT NULL,
  `gst_number` varchar(20) DEFAULT NULL,
  `created_at` timestamp NULL DEFAULT CURRENT_TIMESTAMP,
  `updated_at` timestamp NULL DEFAULT CURRENT_TIMESTAMP ON UPDATE CURRENT_TIMESTAMP,
  PRIMARY KEY (`id`),
  UNIQUE KEY `customer_code` (`customer_code`),
  KEY `idx_cust_phone` (`phone`),
  KEY `idx_cust_email` (`email`),
  KEY `IDXm3iom37efaxd5eucmxjqqcbe9` (`phone`),
  KEY `IDXrfbvkrffamfql7cjmen8v976v` (`email`)
) ENGINE=InnoDB AUTO_INCREMENT=32 DEFAULT CHARSET=utf8mb4 COLLATE=utf8mb4_0900_ai_ci;
/*!40101 SET character_set_client = @saved_cs_client */;

--
-- Dumping data for table `customers`
--

LOCK TABLES `customers` WRITE;
/*!40000 ALTER TABLE `customers` DISABLE KEYS */;
INSERT INTO `customers` VALUES (1,'C001','Abhishek','Gupta','abhishek.g@example.com','9876512340',NULL,NULL,'MALE',NULL,NULL,'INDIVIDUAL',NULL,NULL,'2025-10-09 18:30:00','2026-03-15 05:34:05'),(2,'C002','Sunita','Reddy','sunita.r@example.com','9876512341',NULL,NULL,'FEMALE',NULL,NULL,'INDIVIDUAL',NULL,NULL,'2025-10-14 18:30:00','2026-03-15 05:34:05'),(3,'C003','Rohan','Mishra','rohan.m@example.com','9876512342',NULL,NULL,'MALE',NULL,NULL,'INDIVIDUAL',NULL,NULL,'2025-10-19 18:30:00','2026-03-15 05:34:05'),(4,'C004','Deepa','Nair','deepa.n@example.com','9876512343',NULL,NULL,'FEMALE',NULL,NULL,'INDIVIDUAL',NULL,NULL,'2025-11-04 18:30:00','2026-03-15 05:34:05'),(5,'C005','Amit','Singh','amit.s@example.com','9876512344',NULL,NULL,'MALE',NULL,NULL,'INDIVIDUAL',NULL,NULL,'2025-11-11 18:30:00','2026-03-15 05:34:05'),(6,'C006','Kavita','Sethi','kavita.s@example.com','9876512345',NULL,NULL,'FEMALE',NULL,NULL,'INDIVIDUAL',NULL,NULL,'2025-11-30 18:30:00','2026-03-15 05:34:05'),(7,'C007','Vikram','Joshi','vikram.j@example.com','9876512346',NULL,NULL,'MALE',NULL,NULL,'INDIVIDUAL',NULL,NULL,'2025-12-14 18:30:00','2026-03-15 05:34:05'),(8,'C008','Anjali','Patel','anjali.p@example.com','9876512347',NULL,NULL,'FEMALE',NULL,NULL,'INDIVIDUAL',NULL,NULL,'2025-12-27 18:30:00','2026-03-15 05:34:05'),(9,'C009','Sanjay','Babu','sanjay.b@example.com','9876512348',NULL,NULL,'MALE',NULL,NULL,'INDIVIDUAL',NULL,NULL,'2026-01-04 18:30:00','2026-03-15 05:34:05'),(10,'C010','Meera','Khanna','meera.k@example.com','9876512349',NULL,NULL,'FEMALE',NULL,NULL,'INDIVIDUAL',NULL,NULL,'2026-01-09 18:30:00','2026-03-15 05:34:05'),(11,'C011','Rajesh','Kumar','rajesh.k@example.com','9876512350',NULL,NULL,'MALE',NULL,NULL,'INDIVIDUAL',NULL,NULL,'2026-01-14 18:30:00','2026-03-15 05:34:05'),(12,'C012','Priyanka','Chopra','priyanka.c@example.com','9876512351',NULL,NULL,'FEMALE',NULL,NULL,'INDIVIDUAL',NULL,NULL,'2026-01-19 18:30:00','2026-03-15 05:34:05'),(13,'C013','Suresh','Raina','suresh.r@example.com','9876512352',NULL,NULL,'MALE',NULL,NULL,'INDIVIDUAL',NULL,NULL,'2026-01-24 18:30:00','2026-03-15 05:34:05'),(14,'C014','Neelam','Verma','neelam.v@example.com','9876512353',NULL,NULL,'FEMALE',NULL,NULL,'INDIVIDUAL',NULL,NULL,'2026-01-31 18:30:00','2026-03-15 05:34:05'),(15,'C015','Tushar','Desai','tushar.d@example.com','9876512354',NULL,NULL,'MALE',NULL,NULL,'INDIVIDUAL',NULL,NULL,'2026-02-04 18:30:00','2026-03-15 05:34:05'),(20,'C020','Ramesh','Solanki','ramesh.s@example.com','9876512359',NULL,NULL,'MALE',NULL,NULL,'INDIVIDUAL',NULL,NULL,'2026-02-14 18:30:00','2026-03-15 05:34:05'),(21,'C021','Aarti','Kulkarni','aarti.k@example.com','9876512360',NULL,NULL,'FEMALE',NULL,NULL,'INDIVIDUAL',NULL,NULL,'2026-02-17 18:30:00','2026-03-15 05:34:05'),(30,'C030','Varun','Mehta','varun.m@example.com','9876512369',NULL,NULL,'MALE',NULL,NULL,'INDIVIDUAL',NULL,NULL,'2026-02-28 18:30:00','2026-03-15 05:34:05'),(31,'C031','Sneha','Lata','sneha.l@example.com','9876512370',NULL,NULL,'FEMALE',NULL,NULL,'INDIVIDUAL',NULL,NULL,'2026-03-04 18:30:00','2026-03-15 05:34:05');
/*!40000 ALTER TABLE `customers` ENABLE KEYS */;
UNLOCK TABLES;

--
-- Table structure for table `departments`
--

DROP TABLE IF EXISTS `departments`;
/*!40101 SET @saved_cs_client     = @@character_set_client */;
/*!50503 SET character_set_client = utf8mb4 */;
CREATE TABLE `departments` (
  `id` bigint NOT NULL AUTO_INCREMENT,
  `name` varchar(100) NOT NULL,
  `description` varchar(255) DEFAULT NULL,
  `created_at` timestamp NULL DEFAULT CURRENT_TIMESTAMP,
  PRIMARY KEY (`id`),
  UNIQUE KEY `name` (`name`)
) ENGINE=InnoDB AUTO_INCREMENT=6 DEFAULT CHARSET=utf8mb4 COLLATE=utf8mb4_0900_ai_ci;
/*!40101 SET character_set_client = @saved_cs_client */;

--
-- Dumping data for table `departments`
--

LOCK TABLES `departments` WRITE;
/*!40000 ALTER TABLE `departments` DISABLE KEYS */;
INSERT INTO `departments` VALUES (1,'Management',NULL,'2026-03-15 05:34:05'),(2,'Sales',NULL,'2026-03-15 05:34:05'),(3,'Service',NULL,'2026-03-15 05:34:05'),(4,'Inventory',NULL,'2026-03-15 05:34:05'),(5,'Accounts',NULL,'2026-03-15 05:34:05');
/*!40000 ALTER TABLE `departments` ENABLE KEYS */;
UNLOCK TABLES;

--
-- Table structure for table `employees`
--

DROP TABLE IF EXISTS `employees`;
/*!40101 SET @saved_cs_client     = @@character_set_client */;
/*!50503 SET character_set_client = utf8mb4 */;
CREATE TABLE `employees` (
  `id` bigint NOT NULL AUTO_INCREMENT,
  `employee_code` varchar(20) NOT NULL,
  `first_name` varchar(80) NOT NULL,
  `last_name` varchar(80) NOT NULL,
  `email` varchar(150) NOT NULL,
  `phone` varchar(20) DEFAULT NULL,
  `password_hash` varchar(255) NOT NULL,
  `department_id` bigint NOT NULL,
  `role_id` bigint NOT NULL,
  `manager_id` bigint DEFAULT NULL,
  `date_of_join` date DEFAULT NULL,
  `is_active` tinyint(1) DEFAULT '1',
  `created_at` timestamp NULL DEFAULT CURRENT_TIMESTAMP,
  `updated_at` timestamp NULL DEFAULT CURRENT_TIMESTAMP ON UPDATE CURRENT_TIMESTAMP,
  PRIMARY KEY (`id`),
  UNIQUE KEY `employee_code` (`employee_code`),
  UNIQUE KEY `email` (`email`),
  KEY `fk_emp_mgr` (`manager_id`),
  KEY `idx_emp_dept` (`department_id`),
  KEY `idx_emp_role` (`role_id`),
  KEY `idx_emp_active` (`is_active`),
  KEY `IDXhvs7qecyj0tfhgx75kdj0mxuk` (`department_id`),
  KEY `IDX4w3luja5yf4agc4pip3gkddv3` (`role_id`),
  KEY `IDX45wbbhq0opta7399k589pm8en` (`is_active`),
  CONSTRAINT `fk_emp_dept` FOREIGN KEY (`department_id`) REFERENCES `departments` (`id`),
  CONSTRAINT `fk_emp_mgr` FOREIGN KEY (`manager_id`) REFERENCES `employees` (`id`),
  CONSTRAINT `fk_emp_role` FOREIGN KEY (`role_id`) REFERENCES `roles` (`id`)
) ENGINE=InnoDB AUTO_INCREMENT=9 DEFAULT CHARSET=utf8mb4 COLLATE=utf8mb4_0900_ai_ci;
/*!40101 SET character_set_client = @saved_cs_client */;

--
-- Dumping data for table `employees`
--

LOCK TABLES `employees` WRITE;
/*!40000 ALTER TABLE `employees` DISABLE KEYS */;
INSERT INTO `employees` VALUES (1,'EMP001','S','GIRISH KUMAR','admin@hyundaidms.in','9876543210','$2a$10$uHYn5GiNxBxHgyp3hxNA9eqHc2Puhy6NniF.C/gWZgqjdnKlRjyLW',1,1,NULL,'2020-01-15',1,'2026-03-15 05:34:05','2026-03-15 05:46:53'),(2,'EMP002','Priya','Sharma','sales.mgr@hyundaidms.in','9876543211','$2a$10$uHYn5GiNxBxHgyp3hxNA9eqHc2Puhy6NniF.C/gWZgqjdnKlRjyLW',2,2,NULL,'2020-03-10',1,'2026-03-15 05:34:05','2026-03-15 05:34:05'),(3,'EMP003','Rahul','Verma','rahul.sales@hyundaidms.in','9876543212','$2a$10$uHYn5GiNxBxHgyp3hxNA9eqHc2Puhy6NniF.C/gWZgqjdnKlRjyLW',2,3,NULL,'2021-06-01',1,'2026-03-15 05:34:05','2026-03-15 05:34:05'),(4,'EMP004','Anita','Desai','anita.sales@hyundaidms.in','9876543213','$2a$10$uHYn5GiNxBxHgyp3hxNA9eqHc2Puhy6NniF.C/gWZgqjdnKlRjyLW',2,3,NULL,'2021-08-15',1,'2026-03-15 05:34:05','2026-03-15 05:34:05'),(8,'EMP008','Karthik','Nair','karthik.sales@hyundaidms.in','9876543217','$2a$10$uHYn5GiNxBxHgyp3hxNA9eqHc2Puhy6NniF.C/gWZgqjdnKlRjyLW',2,3,NULL,'2023-01-05',1,'2026-03-15 05:34:05','2026-03-15 05:34:05');
/*!40000 ALTER TABLE `employees` ENABLE KEYS */;
UNLOCK TABLES;

--
-- Table structure for table `engine_types`
--

DROP TABLE IF EXISTS `engine_types`;
/*!40101 SET @saved_cs_client     = @@character_set_client */;
/*!50503 SET character_set_client = utf8mb4 */;
CREATE TABLE `engine_types` (
  `id` bigint NOT NULL AUTO_INCREMENT,
  `name` varchar(100) NOT NULL COMMENT 'Petrol, Diesel, EV, Hybrid …',
  `fuel_category` varchar(30) DEFAULT NULL,
  PRIMARY KEY (`id`),
  UNIQUE KEY `name` (`name`)
) ENGINE=InnoDB AUTO_INCREMENT=7 DEFAULT CHARSET=utf8mb4 COLLATE=utf8mb4_0900_ai_ci;
/*!40101 SET character_set_client = @saved_cs_client */;

--
-- Dumping data for table `engine_types`
--

LOCK TABLES `engine_types` WRITE;
/*!40000 ALTER TABLE `engine_types` DISABLE KEYS */;
INSERT INTO `engine_types` VALUES (1,'1.2L Kappa Petrol','Petrol'),(2,'1.5L MPi Petrol','Petrol'),(3,'1.5L U2 CRDi Diesel','Diesel'),(4,'1.0L Turbo GDi','Petrol'),(5,'Permanent Magnet Sync Motor','EV'),(6,'2.0L Nu Petrol','Petrol');
/*!40000 ALTER TABLE `engine_types` ENABLE KEYS */;
UNLOCK TABLES;

--
-- Table structure for table `finance_loans`
--

DROP TABLE IF EXISTS `finance_loans`;
/*!40101 SET @saved_cs_client     = @@character_set_client */;
/*!50503 SET character_set_client = utf8mb4 */;
CREATE TABLE `finance_loans` (
  `id` bigint NOT NULL AUTO_INCREMENT,
  `loan_number` varchar(30) NOT NULL,
  `booking_id` bigint NOT NULL,
  `customer_id` bigint NOT NULL,
  `bank_id` bigint NOT NULL,
  `loan_amount` decimal(12,2) NOT NULL,
  `tenure_months` int NOT NULL,
  `interest_rate` decimal(5,2) NOT NULL COMMENT 'Annual interest %',
  `emi_amount` decimal(10,2) DEFAULT NULL,
  `disbursal_date` date DEFAULT NULL,
  `status` enum('APPLIED','APPROVED','DISBURSED','REJECTED','CLOSED') DEFAULT 'APPLIED',
  `remarks` text,
  `created_at` timestamp NULL DEFAULT CURRENT_TIMESTAMP,
  PRIMARY KEY (`id`),
  UNIQUE KEY `loan_number` (`loan_number`),
  KEY `fk_fl_booking` (`booking_id`),
  KEY `fk_fl_bank` (`bank_id`),
  KEY `idx_fl_customer` (`customer_id`),
  KEY `idx_fl_status` (`status`),
  KEY `IDXo4setx4rkifb27p4r29krx0b6` (`customer_id`),
  KEY `IDXqe9g94afl5rgy7ul0cnf3s43` (`status`),
  CONSTRAINT `fk_fl_bank` FOREIGN KEY (`bank_id`) REFERENCES `banks` (`id`),
  CONSTRAINT `fk_fl_booking` FOREIGN KEY (`booking_id`) REFERENCES `bookings` (`id`),
  CONSTRAINT `fk_fl_customer` FOREIGN KEY (`customer_id`) REFERENCES `customers` (`id`)
) ENGINE=InnoDB DEFAULT CHARSET=utf8mb4 COLLATE=utf8mb4_0900_ai_ci;
/*!40101 SET character_set_client = @saved_cs_client */;

--
-- Dumping data for table `finance_loans`
--

LOCK TABLES `finance_loans` WRITE;
/*!40000 ALTER TABLE `finance_loans` DISABLE KEYS */;
/*!40000 ALTER TABLE `finance_loans` ENABLE KEYS */;
UNLOCK TABLES;

--
-- Table structure for table `insurance_policies`
--

DROP TABLE IF EXISTS `insurance_policies`;
/*!40101 SET @saved_cs_client     = @@character_set_client */;
/*!50503 SET character_set_client = utf8mb4 */;
CREATE TABLE `insurance_policies` (
  `id` bigint NOT NULL AUTO_INCREMENT,
  `policy_number` varchar(50) NOT NULL,
  `booking_id` bigint NOT NULL,
  `customer_id` bigint NOT NULL,
  `insurer_name` varchar(150) NOT NULL,
  `policy_type` enum('COMPREHENSIVE','THIRD_PARTY','OWN_DAMAGE') DEFAULT 'COMPREHENSIVE',
  `premium_amount` decimal(10,2) NOT NULL,
  `start_date` date NOT NULL,
  `end_date` date NOT NULL,
  `status` enum('ACTIVE','EXPIRED','CANCELLED') DEFAULT 'ACTIVE',
  `created_at` timestamp NULL DEFAULT CURRENT_TIMESTAMP,
  PRIMARY KEY (`id`),
  UNIQUE KEY `policy_number` (`policy_number`),
  KEY `fk_ip_booking` (`booking_id`),
  KEY `idx_ip_customer` (`customer_id`),
  KEY `idx_ip_end_date` (`end_date`),
  CONSTRAINT `fk_ip_booking` FOREIGN KEY (`booking_id`) REFERENCES `bookings` (`id`),
  CONSTRAINT `fk_ip_customer` FOREIGN KEY (`customer_id`) REFERENCES `customers` (`id`)
) ENGINE=InnoDB DEFAULT CHARSET=utf8mb4 COLLATE=utf8mb4_0900_ai_ci;
/*!40101 SET character_set_client = @saved_cs_client */;

--
-- Dumping data for table `insurance_policies`
--

LOCK TABLES `insurance_policies` WRITE;
/*!40000 ALTER TABLE `insurance_policies` DISABLE KEYS */;
/*!40000 ALTER TABLE `insurance_policies` ENABLE KEYS */;
UNLOCK TABLES;

--
-- Table structure for table `inventory_locations`
--

DROP TABLE IF EXISTS `inventory_locations`;
/*!40101 SET @saved_cs_client     = @@character_set_client */;
/*!50503 SET character_set_client = utf8mb4 */;
CREATE TABLE `inventory_locations` (
  `id` bigint NOT NULL AUTO_INCREMENT,
  `name` varchar(100) NOT NULL,
  `address` varchar(255) DEFAULT NULL,
  PRIMARY KEY (`id`),
  UNIQUE KEY `name` (`name`)
) ENGINE=InnoDB AUTO_INCREMENT=5 DEFAULT CHARSET=utf8mb4 COLLATE=utf8mb4_0900_ai_ci;
/*!40101 SET character_set_client = @saved_cs_client */;

--
-- Dumping data for table `inventory_locations`
--

LOCK TABLES `inventory_locations` WRITE;
/*!40000 ALTER TABLE `inventory_locations` DISABLE KEYS */;
INSERT INTO `inventory_locations` VALUES (1,'Main Showroom','Block A, City Center'),(2,'City Warehouse','Industrial Area Phase 1'),(3,'Service Center Stock','Behind Showroom'),(4,'Yard B','Outskirts Storage Facility');
/*!40000 ALTER TABLE `inventory_locations` ENABLE KEYS */;
UNLOCK TABLES;

--
-- Table structure for table `invoice_items`
--

DROP TABLE IF EXISTS `invoice_items`;
/*!40101 SET @saved_cs_client     = @@character_set_client */;
/*!50503 SET character_set_client = utf8mb4 */;
CREATE TABLE `invoice_items` (
  `id` bigint NOT NULL AUTO_INCREMENT,
  `invoice_id` bigint NOT NULL,
  `description` varchar(255) NOT NULL,
  `hsn_code` varchar(10) DEFAULT NULL,
  `quantity` decimal(10,3) DEFAULT '1.000',
  `unit_price` decimal(12,2) NOT NULL,
  `gst_rate` decimal(5,2) DEFAULT '0.00',
  `total_price` decimal(12,2) NOT NULL,
  PRIMARY KEY (`id`),
  KEY `idx_ii_invoice` (`invoice_id`),
  CONSTRAINT `fk_ii_invoice` FOREIGN KEY (`invoice_id`) REFERENCES `invoices` (`id`) ON DELETE CASCADE
) ENGINE=InnoDB DEFAULT CHARSET=utf8mb4 COLLATE=utf8mb4_0900_ai_ci;
/*!40101 SET character_set_client = @saved_cs_client */;

--
-- Dumping data for table `invoice_items`
--

LOCK TABLES `invoice_items` WRITE;
/*!40000 ALTER TABLE `invoice_items` DISABLE KEYS */;
/*!40000 ALTER TABLE `invoice_items` ENABLE KEYS */;
UNLOCK TABLES;

--
-- Table structure for table `invoices`
--

DROP TABLE IF EXISTS `invoices`;
/*!40101 SET @saved_cs_client     = @@character_set_client */;
/*!50503 SET character_set_client = utf8mb4 */;
CREATE TABLE `invoices` (
  `id` bigint NOT NULL AUTO_INCREMENT,
  `invoice_number` varchar(20) NOT NULL,
  `booking_id` bigint NOT NULL,
  `customer_id` bigint NOT NULL,
  `vehicle_id` bigint NOT NULL,
  `invoice_date` date NOT NULL,
  `sub_total` decimal(12,2) NOT NULL,
  `gst_amount` decimal(10,2) DEFAULT '0.00',
  `total_amount` decimal(12,2) NOT NULL,
  `status` enum('DRAFT','ISSUED','PAID','CANCELLED') DEFAULT 'DRAFT',
  `created_by` bigint NOT NULL,
  `created_at` timestamp NULL DEFAULT CURRENT_TIMESTAMP,
  PRIMARY KEY (`id`),
  UNIQUE KEY `invoice_number` (`invoice_number`),
  UNIQUE KEY `booking_id` (`booking_id`),
  KEY `fk_inv_vehicle` (`vehicle_id`),
  KEY `fk_inv_created` (`created_by`),
  KEY `idx_inv_customer` (`customer_id`),
  KEY `idx_inv_date` (`invoice_date`),
  KEY `idx_inv_status` (`status`),
  KEY `IDXrgk46wvvdvosguudhjgow7fa9` (`customer_id`),
  KEY `IDXfflhj226dcw7qfevlvmh2vfsg` (`invoice_date`),
  KEY `IDXq11xedrmax65vyfuevlmuj2h8` (`status`),
  CONSTRAINT `fk_inv_booking` FOREIGN KEY (`booking_id`) REFERENCES `bookings` (`id`),
  CONSTRAINT `fk_inv_created` FOREIGN KEY (`created_by`) REFERENCES `employees` (`id`),
  CONSTRAINT `fk_inv_customer` FOREIGN KEY (`customer_id`) REFERENCES `customers` (`id`),
  CONSTRAINT `fk_inv_vehicle` FOREIGN KEY (`vehicle_id`) REFERENCES `vehicles` (`id`)
) ENGINE=InnoDB DEFAULT CHARSET=utf8mb4 COLLATE=utf8mb4_0900_ai_ci;
/*!40101 SET character_set_client = @saved_cs_client */;

--
-- Dumping data for table `invoices`
--

LOCK TABLES `invoices` WRITE;
/*!40000 ALTER TABLE `invoices` DISABLE KEYS */;
/*!40000 ALTER TABLE `invoices` ENABLE KEYS */;
UNLOCK TABLES;

--
-- Table structure for table `job_cards`
--

DROP TABLE IF EXISTS `job_cards`;
/*!40101 SET @saved_cs_client     = @@character_set_client */;
/*!50503 SET character_set_client = utf8mb4 */;
CREATE TABLE `job_cards` (
  `id` bigint NOT NULL AUTO_INCREMENT,
  `job_card_no` varchar(20) NOT NULL,
  `appointment_id` bigint NOT NULL,
  `mechanic_id` bigint NOT NULL,
  `odometer_in` int DEFAULT NULL,
  `odometer_out` int DEFAULT NULL,
  `diagnosis` text,
  `repair_details` text,
  `labour_cost` decimal(10,2) DEFAULT '0.00',
  `parts_cost` decimal(10,2) DEFAULT '0.00',
  `total_cost` decimal(10,2) DEFAULT '0.00',
  `status` enum('OPEN','IN_PROGRESS','PENDING_PARTS','COMPLETED','BILLED') DEFAULT 'OPEN',
  `start_time` datetime DEFAULT NULL,
  `end_time` datetime DEFAULT NULL,
  `created_at` timestamp NULL DEFAULT CURRENT_TIMESTAMP,
  `updated_at` timestamp NULL DEFAULT CURRENT_TIMESTAMP ON UPDATE CURRENT_TIMESTAMP,
  PRIMARY KEY (`id`),
  UNIQUE KEY `job_card_no` (`job_card_no`),
  UNIQUE KEY `appointment_id` (`appointment_id`),
  KEY `idx_jc_status` (`status`),
  KEY `idx_jc_mechanic` (`mechanic_id`),
  CONSTRAINT `fk_jc_appointment` FOREIGN KEY (`appointment_id`) REFERENCES `service_appointments` (`id`),
  CONSTRAINT `fk_jc_mechanic` FOREIGN KEY (`mechanic_id`) REFERENCES `mechanics` (`id`)
) ENGINE=InnoDB AUTO_INCREMENT=15 DEFAULT CHARSET=utf8mb4 COLLATE=utf8mb4_0900_ai_ci;
/*!40101 SET character_set_client = @saved_cs_client */;

--
-- Dumping data for table `job_cards`
--

LOCK TABLES `job_cards` WRITE;
/*!40000 ALTER TABLE `job_cards` DISABLE KEYS */;
INSERT INTO `job_cards` VALUES (1,'JC0001',1,1,NULL,NULL,NULL,NULL,1500.00,3500.00,5000.00,'COMPLETED',NULL,NULL,'2025-10-15 05:00:00','2026-03-14 16:48:09'),(2,'JC0002',2,2,NULL,NULL,NULL,NULL,2000.00,8000.00,10000.00,'IN_PROGRESS',NULL,NULL,'2025-11-20 09:00:00','2026-03-14 16:48:09'),(3,'JC0003',3,1,NULL,NULL,NULL,NULL,12000.00,45000.00,57000.00,'COMPLETED',NULL,NULL,'2025-12-05 04:30:00','2026-03-14 16:48:09'),(4,'JC0004',4,2,NULL,NULL,NULL,NULL,0.00,0.00,0.00,'COMPLETED',NULL,NULL,'2026-01-10 06:00:00','2026-03-14 16:48:09'),(5,'JC0005',7,1,NULL,NULL,NULL,NULL,1800.00,4200.00,6000.00,'COMPLETED',NULL,NULL,'2025-09-22 10:30:00','2026-03-14 16:48:09'),(6,'JC0006',8,2,NULL,NULL,NULL,NULL,3500.00,15000.00,18500.00,'COMPLETED',NULL,NULL,'2026-01-20 04:00:00','2026-03-14 16:48:09'),(7,'JC0007',9,1,NULL,NULL,NULL,NULL,1500.00,3500.00,5000.00,'COMPLETED',NULL,NULL,'2025-10-05 05:00:00','2026-03-14 16:48:09'),(8,'JC0008',10,2,NULL,NULL,NULL,NULL,2000.00,8000.00,10000.00,'IN_PROGRESS',NULL,NULL,'2025-11-10 09:00:00','2026-03-14 16:48:09'),(9,'JC0009',11,1,NULL,NULL,NULL,NULL,12000.00,45000.00,57000.00,'COMPLETED',NULL,NULL,'2025-12-15 04:30:00','2026-03-14 16:48:09'),(10,'JC0010',12,2,NULL,NULL,NULL,NULL,0.00,0.00,0.00,'COMPLETED',NULL,NULL,'2026-01-20 06:00:00','2026-03-14 16:48:09'),(11,'JC0011',15,1,NULL,NULL,NULL,NULL,1800.00,4200.00,6000.00,'COMPLETED',NULL,NULL,'2025-09-12 10:30:00','2026-03-14 16:48:09'),(12,'JC0012',16,2,NULL,NULL,NULL,NULL,3500.00,15000.00,18500.00,'COMPLETED',NULL,NULL,'2026-01-30 04:00:00','2026-03-14 16:48:09'),(13,'JC0013',17,1,NULL,NULL,NULL,NULL,1500.00,3500.00,5000.00,'OPEN',NULL,NULL,'2026-03-14 04:45:00','2026-03-14 16:48:09'),(14,'JC0014',18,2,NULL,NULL,NULL,NULL,2000.00,1500.00,3500.00,'IN_PROGRESS',NULL,NULL,'2026-03-14 06:00:00','2026-03-14 16:48:09');
/*!40000 ALTER TABLE `job_cards` ENABLE KEYS */;
UNLOCK TABLES;

--
-- Table structure for table `lead_sources`
--

DROP TABLE IF EXISTS `lead_sources`;
/*!40101 SET @saved_cs_client     = @@character_set_client */;
/*!50503 SET character_set_client = utf8mb4 */;
CREATE TABLE `lead_sources` (
  `id` bigint NOT NULL AUTO_INCREMENT,
  `name` varchar(100) NOT NULL COMMENT 'Walk-In, Online, Referral, Cold-Call …',
  PRIMARY KEY (`id`),
  UNIQUE KEY `name` (`name`)
) ENGINE=InnoDB AUTO_INCREMENT=6 DEFAULT CHARSET=utf8mb4 COLLATE=utf8mb4_0900_ai_ci;
/*!40101 SET character_set_client = @saved_cs_client */;

--
-- Dumping data for table `lead_sources`
--

LOCK TABLES `lead_sources` WRITE;
/*!40000 ALTER TABLE `lead_sources` DISABLE KEYS */;
INSERT INTO `lead_sources` VALUES (5,'Call Center'),(3,'Referral'),(1,'Showroom Walk-in'),(4,'Social Media'),(2,'Website');
/*!40000 ALTER TABLE `lead_sources` ENABLE KEYS */;
UNLOCK TABLES;

--
-- Table structure for table `leads`
--

DROP TABLE IF EXISTS `leads`;
/*!40101 SET @saved_cs_client     = @@character_set_client */;
/*!50503 SET character_set_client = utf8mb4 */;
CREATE TABLE `leads` (
  `id` bigint NOT NULL AUTO_INCREMENT,
  `lead_number` varchar(20) NOT NULL,
  `customer_id` bigint NOT NULL,
  `source_id` bigint NOT NULL,
  `assigned_to` bigint NOT NULL COMMENT 'Sales Executive employee id',
  `preferred_model_id` bigint DEFAULT NULL,
  `preferred_variant_id` bigint DEFAULT NULL,
  `preferred_color_id` bigint DEFAULT NULL,
  `status` enum('NEW','CONTACTED','TEST_DRIVE','NEGOTIATION','BOOKED','LOST','DELIVERED') DEFAULT 'NEW',
  `remarks` text,
  `expected_close_date` date DEFAULT NULL,
  `created_at` timestamp NULL DEFAULT CURRENT_TIMESTAMP,
  `updated_at` timestamp NULL DEFAULT CURRENT_TIMESTAMP ON UPDATE CURRENT_TIMESTAMP,
  PRIMARY KEY (`id`),
  UNIQUE KEY `lead_number` (`lead_number`),
  KEY `fk_lead_source` (`source_id`),
  KEY `fk_lead_model` (`preferred_model_id`),
  KEY `fk_lead_variant` (`preferred_variant_id`),
  KEY `fk_lead_color` (`preferred_color_id`),
  KEY `idx_lead_status` (`status`),
  KEY `idx_lead_exec` (`assigned_to`),
  KEY `idx_lead_customer` (`customer_id`),
  KEY `IDXm7qdrai4inxcl00vijg1j1cpx` (`status`),
  KEY `IDXj5s5osti6jlrmu7o0sy1graxv` (`assigned_to`),
  KEY `IDX8v5pbwh0tgrqrlwt7u977gasa` (`customer_id`),
  CONSTRAINT `fk_lead_color` FOREIGN KEY (`preferred_color_id`) REFERENCES `colors` (`id`),
  CONSTRAINT `fk_lead_cust` FOREIGN KEY (`customer_id`) REFERENCES `customers` (`id`),
  CONSTRAINT `fk_lead_exec` FOREIGN KEY (`assigned_to`) REFERENCES `employees` (`id`),
  CONSTRAINT `fk_lead_model` FOREIGN KEY (`preferred_model_id`) REFERENCES `vehicle_models` (`id`),
  CONSTRAINT `fk_lead_source` FOREIGN KEY (`source_id`) REFERENCES `lead_sources` (`id`),
  CONSTRAINT `fk_lead_variant` FOREIGN KEY (`preferred_variant_id`) REFERENCES `vehicle_variants` (`id`)
) ENGINE=InnoDB AUTO_INCREMENT=277 DEFAULT CHARSET=utf8mb4 COLLATE=utf8mb4_0900_ai_ci;
/*!40101 SET character_set_client = @saved_cs_client */;

--
-- Dumping data for table `leads`
--

LOCK TABLES `leads` WRITE;
/*!40000 ALTER TABLE `leads` DISABLE KEYS */;
INSERT INTO `leads` VALUES (1,'LD2026-001',1,1,3,NULL,NULL,NULL,'BOOKED',NULL,NULL,'2026-01-01 18:30:00','2026-03-15 05:34:05'),(2,'LD2026-002',2,2,4,NULL,NULL,NULL,'BOOKED',NULL,NULL,'2026-01-04 18:30:00','2026-03-15 05:34:05'),(3,'LD2026-003',3,3,8,NULL,NULL,NULL,'BOOKED',NULL,NULL,'2026-01-07 18:30:00','2026-03-15 05:34:05'),(4,'LD2026-004',4,1,3,NULL,NULL,NULL,'DELIVERED',NULL,NULL,'2026-01-11 18:30:00','2026-03-15 05:34:05'),(5,'LD2026-005',5,2,4,NULL,NULL,NULL,'BOOKED',NULL,NULL,'2026-01-14 18:30:00','2026-03-15 05:34:05'),(6,'LD2026-006',6,1,8,NULL,NULL,NULL,'BOOKED',NULL,NULL,'2026-01-17 18:30:00','2026-03-15 05:34:05'),(7,'LD2026-007',7,2,3,NULL,NULL,NULL,'BOOKED',NULL,NULL,'2026-01-21 18:30:00','2026-03-15 05:34:05'),(8,'LD2026-008',8,3,4,NULL,NULL,NULL,'DELIVERED',NULL,NULL,'2026-01-24 18:30:00','2026-03-15 05:34:05'),(9,'LD2026-009',9,1,8,NULL,NULL,NULL,'BOOKED',NULL,NULL,'2026-01-27 18:30:00','2026-03-15 05:34:05'),(10,'LD2026-010',10,2,3,NULL,NULL,NULL,'BOOKED',NULL,NULL,'2026-01-31 18:30:00','2026-03-15 05:34:05'),(11,'LD2026-011',11,1,4,NULL,NULL,NULL,'BOOKED',NULL,NULL,'2026-02-03 18:30:00','2026-03-15 05:34:05'),(12,'LD2026-012',12,2,8,NULL,NULL,NULL,'BOOKED',NULL,NULL,'2026-02-06 18:30:00','2026-03-15 05:34:05'),(13,'LD2026-013',13,3,3,NULL,NULL,NULL,'DELIVERED',NULL,NULL,'2026-02-09 18:30:00','2026-03-15 05:34:05'),(14,'LD2026-014',14,1,4,NULL,NULL,NULL,'BOOKED',NULL,NULL,'2026-02-13 18:30:00','2026-03-15 05:34:05'),(15,'LD2026-015',15,2,8,NULL,NULL,NULL,'BOOKED',NULL,NULL,'2026-02-17 18:30:00','2026-03-15 05:34:05'),(20,'LD2026-020',20,1,3,NULL,NULL,NULL,'BOOKED',NULL,NULL,'2026-02-28 18:30:00','2026-03-15 05:34:05'),(21,'LD2026-021',21,2,4,NULL,NULL,NULL,'BOOKED',NULL,NULL,'2026-03-04 18:30:00','2026-03-15 05:34:05'),(22,'LD25-HIST-009',10,5,3,NULL,NULL,NULL,'DELIVERED',NULL,NULL,'2025-01-09 18:30:00','2026-03-15 06:16:37'),(23,'LD25-HIST-109',15,5,4,NULL,NULL,NULL,'DELIVERED',NULL,NULL,'2025-07-25 18:30:00','2026-03-15 06:16:37'),(24,'LD25-HIST-008',9,4,8,NULL,NULL,NULL,'DELIVERED',NULL,NULL,'2025-01-08 18:30:00','2026-03-15 06:16:37'),(25,'LD25-HIST-108',14,4,3,NULL,NULL,NULL,'DELIVERED',NULL,NULL,'2025-07-24 18:30:00','2026-03-15 06:16:37'),(26,'LD25-HIST-007',8,3,4,NULL,NULL,NULL,'DELIVERED',NULL,NULL,'2025-01-07 18:30:00','2026-03-15 06:16:37'),(27,'LD25-HIST-107',13,3,8,NULL,NULL,NULL,'DELIVERED',NULL,NULL,'2025-07-23 18:30:00','2026-03-15 06:16:37'),(28,'LD25-HIST-006',7,2,3,NULL,NULL,NULL,'DELIVERED',NULL,NULL,'2025-01-06 18:30:00','2026-03-15 06:16:37'),(29,'LD25-HIST-106',12,2,4,NULL,NULL,NULL,'DELIVERED',NULL,NULL,'2025-07-22 18:30:00','2026-03-15 06:16:37'),(30,'LD25-HIST-005',6,1,8,NULL,NULL,NULL,'DELIVERED',NULL,NULL,'2025-01-05 18:30:00','2026-03-15 06:16:37'),(31,'LD25-HIST-105',11,1,3,NULL,NULL,NULL,'DELIVERED',NULL,NULL,'2025-07-21 18:30:00','2026-03-15 06:16:37'),(32,'LD25-HIST-004',5,5,4,NULL,NULL,NULL,'DELIVERED',NULL,NULL,'2025-01-04 18:30:00','2026-03-15 06:16:37'),(33,'LD25-HIST-104',10,5,8,NULL,NULL,NULL,'DELIVERED',NULL,NULL,'2025-07-20 18:30:00','2026-03-15 06:16:37'),(34,'LD25-HIST-003',4,4,3,NULL,NULL,NULL,'DELIVERED',NULL,NULL,'2025-01-03 18:30:00','2026-03-15 06:16:37'),(35,'LD25-HIST-103',9,4,4,NULL,NULL,NULL,'DELIVERED',NULL,NULL,'2025-07-19 18:30:00','2026-03-15 06:16:37'),(36,'LD25-HIST-002',3,3,8,NULL,NULL,NULL,'DELIVERED',NULL,NULL,'2025-01-02 18:30:00','2026-03-15 06:16:37'),(37,'LD25-HIST-102',8,3,3,NULL,NULL,NULL,'DELIVERED',NULL,NULL,'2025-06-18 18:30:00','2026-03-15 06:16:37'),(38,'LD25-HIST-001',2,2,4,NULL,NULL,NULL,'DELIVERED',NULL,NULL,'2025-01-01 18:30:00','2026-03-15 06:16:37'),(39,'LD25-HIST-101',7,2,8,NULL,NULL,NULL,'DELIVERED',NULL,NULL,'2025-06-17 18:30:00','2026-03-15 06:16:37'),(40,'LD25-HIST-100',6,1,4,NULL,NULL,NULL,'DELIVERED',NULL,NULL,'2025-06-16 18:30:00','2026-03-15 06:16:37'),(41,'LD25-HIST-200',11,1,8,NULL,NULL,NULL,'DELIVERED',NULL,NULL,'2025-12-04 18:30:00','2026-03-15 06:16:37'),(42,'LD25-HIST-019',1,5,4,NULL,NULL,NULL,'DELIVERED',NULL,NULL,'2025-02-19 18:30:00','2026-03-15 06:16:37'),(43,'LD25-HIST-119',6,5,8,NULL,NULL,NULL,'DELIVERED',NULL,NULL,'2025-07-07 18:30:00','2026-03-15 06:16:37'),(44,'LD25-HIST-018',19,4,3,NULL,NULL,NULL,'DELIVERED',NULL,NULL,'2025-02-18 18:30:00','2026-03-15 06:16:37'),(45,'LD25-HIST-118',5,4,4,NULL,NULL,NULL,'DELIVERED',NULL,NULL,'2025-07-06 18:30:00','2026-03-15 06:16:37'),(46,'LD25-HIST-017',18,3,8,NULL,NULL,NULL,'DELIVERED',NULL,NULL,'2025-01-17 18:30:00','2026-03-15 06:16:37'),(47,'LD25-HIST-117',4,3,3,NULL,NULL,NULL,'DELIVERED',NULL,NULL,'2025-07-05 18:30:00','2026-03-15 06:16:37'),(48,'LD25-HIST-016',17,2,4,NULL,NULL,NULL,'DELIVERED',NULL,NULL,'2025-01-16 18:30:00','2026-03-15 06:16:37'),(49,'LD25-HIST-116',3,2,8,NULL,NULL,NULL,'DELIVERED',NULL,NULL,'2025-07-04 18:30:00','2026-03-15 06:16:37'),(50,'LD25-HIST-015',16,1,3,NULL,NULL,NULL,'DELIVERED',NULL,NULL,'2025-01-15 18:30:00','2026-03-15 06:16:37'),(51,'LD25-HIST-115',2,1,4,NULL,NULL,NULL,'DELIVERED',NULL,NULL,'2025-07-03 18:30:00','2026-03-15 06:16:37'),(52,'LD25-HIST-014',15,5,8,NULL,NULL,NULL,'DELIVERED',NULL,NULL,'2025-01-14 18:30:00','2026-03-15 06:16:37'),(53,'LD25-HIST-114',1,5,3,NULL,NULL,NULL,'DELIVERED',NULL,NULL,'2025-07-02 18:30:00','2026-03-15 06:16:37'),(54,'LD25-HIST-013',14,4,4,NULL,NULL,NULL,'DELIVERED',NULL,NULL,'2025-01-13 18:30:00','2026-03-15 06:16:37'),(55,'LD25-HIST-113',19,4,8,NULL,NULL,NULL,'DELIVERED',NULL,NULL,'2025-07-01 18:30:00','2026-03-15 06:16:37'),(56,'LD25-HIST-012',13,3,3,NULL,NULL,NULL,'DELIVERED',NULL,NULL,'2025-01-12 18:30:00','2026-03-15 06:16:37'),(57,'LD25-HIST-112',18,3,4,NULL,NULL,NULL,'DELIVERED',NULL,NULL,'2025-06-30 18:30:00','2026-03-15 06:16:37'),(58,'LD25-HIST-011',12,2,8,NULL,NULL,NULL,'DELIVERED',NULL,NULL,'2025-01-11 18:30:00','2026-03-15 06:16:37'),(59,'LD25-HIST-111',17,2,3,NULL,NULL,NULL,'DELIVERED',NULL,NULL,'2025-07-27 18:30:00','2026-03-15 06:16:37'),(60,'LD25-HIST-010',11,1,4,NULL,NULL,NULL,'DELIVERED',NULL,NULL,'2025-01-10 18:30:00','2026-03-15 06:16:37'),(61,'LD25-HIST-110',16,1,8,NULL,NULL,NULL,'DELIVERED',NULL,NULL,'2025-07-26 18:30:00','2026-03-15 06:16:37'),(62,'LD25-HIST-029',11,5,8,NULL,NULL,NULL,'DELIVERED',NULL,NULL,'2025-02-01 18:30:00','2026-03-15 06:16:37'),(63,'LD25-HIST-129',16,5,3,NULL,NULL,NULL,'DELIVERED',NULL,NULL,'2025-08-17 18:30:00','2026-03-15 06:16:37'),(64,'LD25-HIST-028',10,4,4,NULL,NULL,NULL,'DELIVERED',NULL,NULL,'2025-01-31 18:30:00','2026-03-15 06:16:37'),(65,'LD25-HIST-128',15,4,8,NULL,NULL,NULL,'DELIVERED',NULL,NULL,'2025-08-16 18:30:00','2026-03-15 06:16:37'),(66,'LD25-HIST-027',9,3,3,NULL,NULL,NULL,'DELIVERED',NULL,NULL,'2025-02-27 18:30:00','2026-03-15 06:16:37'),(67,'LD25-HIST-127',14,3,4,NULL,NULL,NULL,'DELIVERED',NULL,NULL,'2025-08-15 18:30:00','2026-03-15 06:16:37'),(68,'LD25-HIST-026',8,2,8,NULL,NULL,NULL,'DELIVERED',NULL,NULL,'2025-02-26 18:30:00','2026-03-15 06:16:37'),(69,'LD25-HIST-126',13,2,3,NULL,NULL,NULL,'DELIVERED',NULL,NULL,'2025-08-14 18:30:00','2026-03-15 06:16:37'),(70,'LD25-HIST-025',7,1,4,NULL,NULL,NULL,'DELIVERED',NULL,NULL,'2025-02-25 18:30:00','2026-03-15 06:16:37'),(71,'LD25-HIST-125',12,1,8,NULL,NULL,NULL,'DELIVERED',NULL,NULL,'2025-08-13 18:30:00','2026-03-15 06:16:37'),(72,'LD25-HIST-024',6,5,3,NULL,NULL,NULL,'DELIVERED',NULL,NULL,'2025-02-24 18:30:00','2026-03-15 06:16:37'),(73,'LD25-HIST-124',11,5,4,NULL,NULL,NULL,'DELIVERED',NULL,NULL,'2025-08-12 18:30:00','2026-03-15 06:16:37'),(74,'LD25-HIST-023',5,4,8,NULL,NULL,NULL,'DELIVERED',NULL,NULL,'2025-02-23 18:30:00','2026-03-15 06:16:37'),(75,'LD25-HIST-123',10,4,3,NULL,NULL,NULL,'DELIVERED',NULL,NULL,'2025-08-11 18:30:00','2026-03-15 06:16:37'),(76,'LD25-HIST-022',4,3,4,NULL,NULL,NULL,'DELIVERED',NULL,NULL,'2025-02-22 18:30:00','2026-03-15 06:16:37'),(77,'LD25-HIST-122',9,3,8,NULL,NULL,NULL,'DELIVERED',NULL,NULL,'2025-08-10 18:30:00','2026-03-15 06:16:37'),(78,'LD25-HIST-021',3,2,3,NULL,NULL,NULL,'DELIVERED',NULL,NULL,'2025-02-21 18:30:00','2026-03-15 06:16:37'),(79,'LD25-HIST-121',8,2,4,NULL,NULL,NULL,'DELIVERED',NULL,NULL,'2025-08-09 18:30:00','2026-03-15 06:16:37'),(80,'LD25-HIST-020',2,1,8,NULL,NULL,NULL,'DELIVERED',NULL,NULL,'2025-02-20 18:30:00','2026-03-15 06:16:37'),(81,'LD25-HIST-120',7,1,3,NULL,NULL,NULL,'DELIVERED',NULL,NULL,'2025-08-08 18:30:00','2026-03-15 06:16:37'),(82,'LD25-HIST-039',2,5,3,NULL,NULL,NULL,'DELIVERED',NULL,NULL,'2025-03-11 18:30:00','2026-03-15 06:16:37'),(83,'LD25-HIST-139',7,5,4,NULL,NULL,NULL,'DELIVERED',NULL,NULL,'2025-09-27 18:30:00','2026-03-15 06:16:37'),(84,'LD25-HIST-038',1,4,8,NULL,NULL,NULL,'DELIVERED',NULL,NULL,'2025-03-10 18:30:00','2026-03-15 06:16:37'),(85,'LD25-HIST-138',6,4,3,NULL,NULL,NULL,'DELIVERED',NULL,NULL,'2025-09-26 18:30:00','2026-03-15 06:16:37'),(86,'LD25-HIST-037',19,3,4,NULL,NULL,NULL,'DELIVERED',NULL,NULL,'2025-03-09 18:30:00','2026-03-15 06:16:37'),(87,'LD25-HIST-137',5,3,8,NULL,NULL,NULL,'DELIVERED',NULL,NULL,'2025-09-25 18:30:00','2026-03-15 06:16:37'),(88,'LD25-HIST-036',18,2,3,NULL,NULL,NULL,'DELIVERED',NULL,NULL,'2025-03-08 18:30:00','2026-03-15 06:16:37'),(89,'LD25-HIST-136',4,2,4,NULL,NULL,NULL,'DELIVERED',NULL,NULL,'2025-08-24 18:30:00','2026-03-15 06:16:37'),(90,'LD25-HIST-035',17,1,8,NULL,NULL,NULL,'DELIVERED',NULL,NULL,'2025-03-07 18:30:00','2026-03-15 06:16:37'),(91,'LD25-HIST-135',3,1,3,NULL,NULL,NULL,'DELIVERED',NULL,NULL,'2025-08-23 18:30:00','2026-03-15 06:16:37'),(92,'LD25-HIST-034',16,5,4,NULL,NULL,NULL,'DELIVERED',NULL,NULL,'2025-02-06 18:30:00','2026-03-15 06:16:37'),(93,'LD25-HIST-134',2,5,8,NULL,NULL,NULL,'DELIVERED',NULL,NULL,'2025-08-22 18:30:00','2026-03-15 06:16:37'),(94,'LD25-HIST-033',15,4,3,NULL,NULL,NULL,'DELIVERED',NULL,NULL,'2025-02-05 18:30:00','2026-03-15 06:16:37'),(95,'LD25-HIST-133',1,4,4,NULL,NULL,NULL,'DELIVERED',NULL,NULL,'2025-08-21 18:30:00','2026-03-15 06:16:37'),(96,'LD25-HIST-032',14,3,8,NULL,NULL,NULL,'DELIVERED',NULL,NULL,'2025-02-04 18:30:00','2026-03-15 06:16:37'),(97,'LD25-HIST-132',19,3,3,NULL,NULL,NULL,'DELIVERED',NULL,NULL,'2025-08-20 18:30:00','2026-03-15 06:16:37'),(98,'LD25-HIST-031',13,2,4,NULL,NULL,NULL,'DELIVERED',NULL,NULL,'2025-02-03 18:30:00','2026-03-15 06:16:37'),(99,'LD25-HIST-131',18,2,8,NULL,NULL,NULL,'DELIVERED',NULL,NULL,'2025-08-19 18:30:00','2026-03-15 06:16:37'),(100,'LD25-HIST-030',12,1,3,NULL,NULL,NULL,'DELIVERED',NULL,NULL,'2025-02-02 18:30:00','2026-03-15 06:16:37'),(101,'LD25-HIST-130',17,1,4,NULL,NULL,NULL,'DELIVERED',NULL,NULL,'2025-08-18 18:30:00','2026-03-15 06:16:37'),(102,'LD25-HIST-049',12,5,4,NULL,NULL,NULL,'DELIVERED',NULL,NULL,'2025-03-21 18:30:00','2026-03-15 06:16:37'),(103,'LD25-HIST-149',17,5,8,NULL,NULL,NULL,'DELIVERED',NULL,NULL,'2025-09-09 18:30:00','2026-03-15 06:16:37'),(104,'LD25-HIST-048',11,4,3,NULL,NULL,NULL,'DELIVERED',NULL,NULL,'2025-03-20 18:30:00','2026-03-15 06:16:37'),(105,'LD25-HIST-148',16,4,4,NULL,NULL,NULL,'DELIVERED',NULL,NULL,'2025-09-08 18:30:00','2026-03-15 06:16:37'),(106,'LD25-HIST-047',10,3,8,NULL,NULL,NULL,'DELIVERED',NULL,NULL,'2025-03-19 18:30:00','2026-03-15 06:16:37'),(107,'LD25-HIST-147',15,3,3,NULL,NULL,NULL,'DELIVERED',NULL,NULL,'2025-09-07 18:30:00','2026-03-15 06:16:37'),(108,'LD25-HIST-046',9,2,4,NULL,NULL,NULL,'DELIVERED',NULL,NULL,'2025-03-18 18:30:00','2026-03-15 06:16:37'),(109,'LD25-HIST-146',14,2,8,NULL,NULL,NULL,'DELIVERED',NULL,NULL,'2025-09-06 18:30:00','2026-03-15 06:16:37'),(110,'LD25-HIST-045',8,1,3,NULL,NULL,NULL,'DELIVERED',NULL,NULL,'2025-03-17 18:30:00','2026-03-15 06:16:37'),(111,'LD25-HIST-145',13,1,4,NULL,NULL,NULL,'DELIVERED',NULL,NULL,'2025-09-05 18:30:00','2026-03-15 06:16:37'),(112,'LD25-HIST-044',7,5,8,NULL,NULL,NULL,'DELIVERED',NULL,NULL,'2025-03-16 18:30:00','2026-03-15 06:16:37'),(113,'LD25-HIST-144',12,5,3,NULL,NULL,NULL,'DELIVERED',NULL,NULL,'2025-09-04 18:30:00','2026-03-15 06:16:37'),(114,'LD25-HIST-043',6,4,4,NULL,NULL,NULL,'DELIVERED',NULL,NULL,'2025-03-15 18:30:00','2026-03-15 06:16:37'),(115,'LD25-HIST-143',11,4,8,NULL,NULL,NULL,'DELIVERED',NULL,NULL,'2025-09-03 18:30:00','2026-03-15 06:16:37'),(116,'LD25-HIST-042',5,3,3,NULL,NULL,NULL,'DELIVERED',NULL,NULL,'2025-03-14 18:30:00','2026-03-15 06:16:37'),(117,'LD25-HIST-142',10,3,4,NULL,NULL,NULL,'DELIVERED',NULL,NULL,'2025-09-02 18:30:00','2026-03-15 06:16:37'),(118,'LD25-HIST-041',4,2,8,NULL,NULL,NULL,'DELIVERED',NULL,NULL,'2025-03-13 18:30:00','2026-03-15 06:16:37'),(119,'LD25-HIST-141',9,2,3,NULL,NULL,NULL,'DELIVERED',NULL,NULL,'2025-09-01 18:30:00','2026-03-15 06:16:37'),(120,'LD25-HIST-040',3,1,4,NULL,NULL,NULL,'DELIVERED',NULL,NULL,'2025-03-12 18:30:00','2026-03-15 06:16:37'),(121,'LD25-HIST-140',8,1,8,NULL,NULL,NULL,'DELIVERED',NULL,NULL,'2025-08-31 18:30:00','2026-03-15 06:16:37'),(122,'LD25-HIST-059',3,5,8,NULL,NULL,NULL,'DELIVERED',NULL,NULL,'2025-04-03 18:30:00','2026-03-15 06:16:37'),(123,'LD25-HIST-159',8,5,3,NULL,NULL,NULL,'DELIVERED',NULL,NULL,'2025-10-19 18:30:00','2026-03-15 06:16:37'),(124,'LD25-HIST-058',2,4,4,NULL,NULL,NULL,'DELIVERED',NULL,NULL,'2025-04-02 18:30:00','2026-03-15 06:16:37'),(125,'LD25-HIST-158',7,4,8,NULL,NULL,NULL,'DELIVERED',NULL,NULL,'2025-10-18 18:30:00','2026-03-15 06:16:37'),(126,'LD25-HIST-057',1,3,3,NULL,NULL,NULL,'DELIVERED',NULL,NULL,'2025-04-01 18:30:00','2026-03-15 06:16:37'),(127,'LD25-HIST-157',6,3,4,NULL,NULL,NULL,'DELIVERED',NULL,NULL,'2025-10-17 18:30:00','2026-03-15 06:16:37'),(128,'LD25-HIST-056',19,2,8,NULL,NULL,NULL,'DELIVERED',NULL,NULL,'2025-03-31 18:30:00','2026-03-15 06:16:37'),(129,'LD25-HIST-156',5,2,3,NULL,NULL,NULL,'DELIVERED',NULL,NULL,'2025-10-16 18:30:00','2026-03-15 06:16:37'),(130,'LD25-HIST-055',18,1,4,NULL,NULL,NULL,'DELIVERED',NULL,NULL,'2025-04-27 18:30:00','2026-03-15 06:16:37'),(131,'LD25-HIST-155',4,1,8,NULL,NULL,NULL,'DELIVERED',NULL,NULL,'2025-10-15 18:30:00','2026-03-15 06:16:37'),(132,'LD25-HIST-054',17,5,3,NULL,NULL,NULL,'DELIVERED',NULL,NULL,'2025-04-26 18:30:00','2026-03-15 06:16:37'),(133,'LD25-HIST-154',3,5,4,NULL,NULL,NULL,'DELIVERED',NULL,NULL,'2025-10-14 18:30:00','2026-03-15 06:16:37'),(134,'LD25-HIST-053',16,4,8,NULL,NULL,NULL,'DELIVERED',NULL,NULL,'2025-04-25 18:30:00','2026-03-15 06:16:37'),(135,'LD25-HIST-153',2,4,3,NULL,NULL,NULL,'DELIVERED',NULL,NULL,'2025-09-13 18:30:00','2026-03-15 06:16:37'),(136,'LD25-HIST-052',15,3,4,NULL,NULL,NULL,'DELIVERED',NULL,NULL,'2025-04-24 18:30:00','2026-03-15 06:16:37'),(137,'LD25-HIST-152',1,3,8,NULL,NULL,NULL,'DELIVERED',NULL,NULL,'2025-09-12 18:30:00','2026-03-15 06:16:37'),(138,'LD25-HIST-051',14,2,3,NULL,NULL,NULL,'DELIVERED',NULL,NULL,'2025-03-23 18:30:00','2026-03-15 06:16:37'),(139,'LD25-HIST-151',19,2,4,NULL,NULL,NULL,'DELIVERED',NULL,NULL,'2025-09-11 18:30:00','2026-03-15 06:16:37'),(140,'LD25-HIST-050',13,1,8,NULL,NULL,NULL,'DELIVERED',NULL,NULL,'2025-03-22 18:30:00','2026-03-15 06:16:37'),(141,'LD25-HIST-150',18,1,3,NULL,NULL,NULL,'DELIVERED',NULL,NULL,'2025-09-10 18:30:00','2026-03-15 06:16:37'),(142,'LD25-HIST-069',13,5,3,NULL,NULL,NULL,'DELIVERED',NULL,NULL,'2025-05-13 18:30:00','2026-03-15 06:16:37'),(143,'LD25-HIST-169',18,5,4,NULL,NULL,NULL,'DELIVERED',NULL,NULL,'2025-10-01 18:30:00','2026-03-15 06:16:37'),(144,'LD25-HIST-068',12,4,8,NULL,NULL,NULL,'DELIVERED',NULL,NULL,'2025-04-12 18:30:00','2026-03-15 06:16:37'),(145,'LD25-HIST-168',17,4,3,NULL,NULL,NULL,'DELIVERED',NULL,NULL,'2025-09-30 18:30:00','2026-03-15 06:16:37'),(146,'LD25-HIST-067',11,3,4,NULL,NULL,NULL,'DELIVERED',NULL,NULL,'2025-04-11 18:30:00','2026-03-15 06:16:37'),(147,'LD25-HIST-167',16,3,8,NULL,NULL,NULL,'DELIVERED',NULL,NULL,'2025-10-27 18:30:00','2026-03-15 06:16:37'),(148,'LD25-HIST-066',10,2,3,NULL,NULL,NULL,'DELIVERED',NULL,NULL,'2025-04-10 18:30:00','2026-03-15 06:16:37'),(149,'LD25-HIST-166',15,2,4,NULL,NULL,NULL,'DELIVERED',NULL,NULL,'2025-10-26 18:30:00','2026-03-15 06:16:37'),(150,'LD25-HIST-065',9,1,8,NULL,NULL,NULL,'DELIVERED',NULL,NULL,'2025-04-09 18:30:00','2026-03-15 06:16:37'),(151,'LD25-HIST-165',14,1,3,NULL,NULL,NULL,'DELIVERED',NULL,NULL,'2025-10-25 18:30:00','2026-03-15 06:16:37'),(152,'LD25-HIST-064',8,5,4,NULL,NULL,NULL,'DELIVERED',NULL,NULL,'2025-04-08 18:30:00','2026-03-15 06:16:37'),(153,'LD25-HIST-164',13,5,8,NULL,NULL,NULL,'DELIVERED',NULL,NULL,'2025-10-24 18:30:00','2026-03-15 06:16:37'),(154,'LD25-HIST-063',7,4,3,NULL,NULL,NULL,'DELIVERED',NULL,NULL,'2025-04-07 18:30:00','2026-03-15 06:16:37'),(155,'LD25-HIST-163',12,4,4,NULL,NULL,NULL,'DELIVERED',NULL,NULL,'2025-10-23 18:30:00','2026-03-15 06:16:37'),(156,'LD25-HIST-062',6,3,8,NULL,NULL,NULL,'DELIVERED',NULL,NULL,'2025-04-06 18:30:00','2026-03-15 06:16:37'),(157,'LD25-HIST-162',11,3,3,NULL,NULL,NULL,'DELIVERED',NULL,NULL,'2025-10-22 18:30:00','2026-03-15 06:16:37'),(158,'LD25-HIST-061',5,2,4,NULL,NULL,NULL,'DELIVERED',NULL,NULL,'2025-04-05 18:30:00','2026-03-15 06:16:37'),(159,'LD25-HIST-161',10,2,8,NULL,NULL,NULL,'DELIVERED',NULL,NULL,'2025-10-21 18:30:00','2026-03-15 06:16:37'),(160,'LD25-HIST-060',4,1,3,NULL,NULL,NULL,'DELIVERED',NULL,NULL,'2025-04-04 18:30:00','2026-03-15 06:16:37'),(161,'LD25-HIST-160',9,1,4,NULL,NULL,NULL,'DELIVERED',NULL,NULL,'2025-10-20 18:30:00','2026-03-15 06:16:37'),(162,'LD25-HIST-079',4,5,4,NULL,NULL,NULL,'DELIVERED',NULL,NULL,'2025-05-23 18:30:00','2026-03-15 06:16:37'),(163,'LD25-HIST-179',9,5,8,NULL,NULL,NULL,'DELIVERED',NULL,NULL,'2025-11-11 18:30:00','2026-03-15 06:16:37'),(164,'LD25-HIST-078',3,4,3,NULL,NULL,NULL,'DELIVERED',NULL,NULL,'2025-05-22 18:30:00','2026-03-15 06:16:37'),(165,'LD25-HIST-178',8,4,4,NULL,NULL,NULL,'DELIVERED',NULL,NULL,'2025-11-10 18:30:00','2026-03-15 06:16:37'),(166,'LD25-HIST-077',2,3,8,NULL,NULL,NULL,'DELIVERED',NULL,NULL,'2025-05-21 18:30:00','2026-03-15 06:16:37'),(167,'LD25-HIST-177',7,3,3,NULL,NULL,NULL,'DELIVERED',NULL,NULL,'2025-11-09 18:30:00','2026-03-15 06:16:37'),(168,'LD25-HIST-076',1,2,4,NULL,NULL,NULL,'DELIVERED',NULL,NULL,'2025-05-20 18:30:00','2026-03-15 06:16:37'),(169,'LD25-HIST-176',6,2,8,NULL,NULL,NULL,'DELIVERED',NULL,NULL,'2025-11-08 18:30:00','2026-03-15 06:16:37'),(170,'LD25-HIST-075',19,1,3,NULL,NULL,NULL,'DELIVERED',NULL,NULL,'2025-05-19 18:30:00','2026-03-15 06:16:37'),(171,'LD25-HIST-175',5,1,4,NULL,NULL,NULL,'DELIVERED',NULL,NULL,'2025-11-07 18:30:00','2026-03-15 06:16:37'),(172,'LD25-HIST-074',18,5,8,NULL,NULL,NULL,'DELIVERED',NULL,NULL,'2025-05-18 18:30:00','2026-03-15 06:16:37'),(173,'LD25-HIST-174',4,5,3,NULL,NULL,NULL,'DELIVERED',NULL,NULL,'2025-11-06 18:30:00','2026-03-15 06:16:37'),(174,'LD25-HIST-073',17,4,4,NULL,NULL,NULL,'DELIVERED',NULL,NULL,'2025-05-17 18:30:00','2026-03-15 06:16:37'),(175,'LD25-HIST-173',3,4,8,NULL,NULL,NULL,'DELIVERED',NULL,NULL,'2025-11-05 18:30:00','2026-03-15 06:16:37'),(176,'LD25-HIST-072',16,3,3,NULL,NULL,NULL,'DELIVERED',NULL,NULL,'2025-05-16 18:30:00','2026-03-15 06:16:37'),(177,'LD25-HIST-172',2,3,4,NULL,NULL,NULL,'DELIVERED',NULL,NULL,'2025-11-04 18:30:00','2026-03-15 06:16:37'),(178,'LD25-HIST-071',15,2,8,NULL,NULL,NULL,'DELIVERED',NULL,NULL,'2025-05-15 18:30:00','2026-03-15 06:16:37'),(179,'LD25-HIST-171',1,2,3,NULL,NULL,NULL,'DELIVERED',NULL,NULL,'2025-11-03 18:30:00','2026-03-15 06:16:37'),(180,'LD25-HIST-070',14,1,4,NULL,NULL,NULL,'DELIVERED',NULL,NULL,'2025-05-14 18:30:00','2026-03-15 06:16:37'),(181,'LD25-HIST-170',19,1,8,NULL,NULL,NULL,'DELIVERED',NULL,NULL,'2025-10-02 18:30:00','2026-03-15 06:16:37'),(182,'LD25-HIST-089',14,5,8,NULL,NULL,NULL,'DELIVERED',NULL,NULL,'2025-06-05 18:30:00','2026-03-15 06:16:37'),(183,'LD25-HIST-189',19,5,3,NULL,NULL,NULL,'DELIVERED',NULL,NULL,'2025-12-21 18:30:00','2026-03-15 06:16:37'),(184,'LD25-HIST-088',13,4,4,NULL,NULL,NULL,'DELIVERED',NULL,NULL,'2025-06-04 18:30:00','2026-03-15 06:16:37'),(185,'LD25-HIST-188',18,4,8,NULL,NULL,NULL,'DELIVERED',NULL,NULL,'2025-12-20 18:30:00','2026-03-15 06:16:37'),(186,'LD25-HIST-087',12,3,3,NULL,NULL,NULL,'DELIVERED',NULL,NULL,'2025-06-03 18:30:00','2026-03-15 06:16:37'),(187,'LD25-HIST-187',17,3,4,NULL,NULL,NULL,'DELIVERED',NULL,NULL,'2025-11-19 18:30:00','2026-03-15 06:16:37'),(188,'LD25-HIST-086',11,2,8,NULL,NULL,NULL,'DELIVERED',NULL,NULL,'2025-06-02 18:30:00','2026-03-15 06:16:37'),(189,'LD25-HIST-186',16,2,3,NULL,NULL,NULL,'DELIVERED',NULL,NULL,'2025-11-18 18:30:00','2026-03-15 06:16:37'),(190,'LD25-HIST-085',10,1,4,NULL,NULL,NULL,'DELIVERED',NULL,NULL,'2025-05-01 18:30:00','2026-03-15 06:16:37'),(191,'LD25-HIST-185',15,1,8,NULL,NULL,NULL,'DELIVERED',NULL,NULL,'2025-11-17 18:30:00','2026-03-15 06:16:37'),(192,'LD25-HIST-084',9,5,3,NULL,NULL,NULL,'DELIVERED',NULL,NULL,'2025-04-30 18:30:00','2026-03-15 06:16:37'),(193,'LD25-HIST-184',14,5,4,NULL,NULL,NULL,'DELIVERED',NULL,NULL,'2025-11-16 18:30:00','2026-03-15 06:16:37'),(194,'LD25-HIST-083',8,4,8,NULL,NULL,NULL,'DELIVERED',NULL,NULL,'2025-05-27 18:30:00','2026-03-15 06:16:37'),(195,'LD25-HIST-183',13,4,3,NULL,NULL,NULL,'DELIVERED',NULL,NULL,'2025-11-15 18:30:00','2026-03-15 06:16:37'),(196,'LD25-HIST-082',7,3,4,NULL,NULL,NULL,'DELIVERED',NULL,NULL,'2025-05-26 18:30:00','2026-03-15 06:16:37'),(197,'LD25-HIST-182',12,3,8,NULL,NULL,NULL,'DELIVERED',NULL,NULL,'2025-11-14 18:30:00','2026-03-15 06:16:37'),(198,'LD25-HIST-081',6,2,3,NULL,NULL,NULL,'DELIVERED',NULL,NULL,'2025-05-25 18:30:00','2026-03-15 06:16:37'),(199,'LD25-HIST-181',11,2,4,NULL,NULL,NULL,'DELIVERED',NULL,NULL,'2025-11-13 18:30:00','2026-03-15 06:16:37'),(200,'LD25-HIST-080',5,1,8,NULL,NULL,NULL,'DELIVERED',NULL,NULL,'2025-05-24 18:30:00','2026-03-15 06:16:37'),(201,'LD25-HIST-180',10,1,3,NULL,NULL,NULL,'DELIVERED',NULL,NULL,'2025-11-12 18:30:00','2026-03-15 06:16:37'),(202,'LD25-HIST-099',5,5,3,NULL,NULL,NULL,'DELIVERED',NULL,NULL,'2025-06-15 18:30:00','2026-03-15 06:16:37'),(203,'LD25-HIST-199',10,5,4,NULL,NULL,NULL,'DELIVERED',NULL,NULL,'2025-12-03 18:30:00','2026-03-15 06:16:37'),(204,'LD25-HIST-098',4,4,8,NULL,NULL,NULL,'DELIVERED',NULL,NULL,'2025-06-14 18:30:00','2026-03-15 06:16:37'),(205,'LD25-HIST-198',9,4,3,NULL,NULL,NULL,'DELIVERED',NULL,NULL,'2025-12-02 18:30:00','2026-03-15 06:16:37'),(206,'LD25-HIST-097',3,3,4,NULL,NULL,NULL,'DELIVERED',NULL,NULL,'2025-06-13 18:30:00','2026-03-15 06:16:37'),(207,'LD25-HIST-197',8,3,8,NULL,NULL,NULL,'DELIVERED',NULL,NULL,'2025-12-01 18:30:00','2026-03-15 06:16:37'),(208,'LD25-HIST-096',2,2,3,NULL,NULL,NULL,'DELIVERED',NULL,NULL,'2025-06-12 18:30:00','2026-03-15 06:16:37'),(209,'LD25-HIST-196',7,2,4,NULL,NULL,NULL,'DELIVERED',NULL,NULL,'2025-11-30 18:30:00','2026-03-15 06:16:37'),(210,'LD25-HIST-095',1,1,8,NULL,NULL,NULL,'DELIVERED',NULL,NULL,'2025-06-11 18:30:00','2026-03-15 06:16:37'),(211,'LD25-HIST-195',6,1,3,NULL,NULL,NULL,'DELIVERED',NULL,NULL,'2025-12-27 18:30:00','2026-03-15 06:16:37'),(212,'LD25-HIST-094',19,5,4,NULL,NULL,NULL,'DELIVERED',NULL,NULL,'2025-06-10 18:30:00','2026-03-15 06:16:37'),(213,'LD25-HIST-194',5,5,8,NULL,NULL,NULL,'DELIVERED',NULL,NULL,'2025-12-26 18:30:00','2026-03-15 06:16:37'),(214,'LD25-HIST-093',18,4,3,NULL,NULL,NULL,'DELIVERED',NULL,NULL,'2025-06-09 18:30:00','2026-03-15 06:16:37'),(215,'LD25-HIST-193',4,4,4,NULL,NULL,NULL,'DELIVERED',NULL,NULL,'2025-12-25 18:30:00','2026-03-15 06:16:37'),(216,'LD25-HIST-092',17,3,8,NULL,NULL,NULL,'DELIVERED',NULL,NULL,'2025-06-08 18:30:00','2026-03-15 06:16:37'),(217,'LD25-HIST-192',3,3,3,NULL,NULL,NULL,'DELIVERED',NULL,NULL,'2025-12-24 18:30:00','2026-03-15 06:16:37'),(218,'LD25-HIST-091',16,2,4,NULL,NULL,NULL,'DELIVERED',NULL,NULL,'2025-06-07 18:30:00','2026-03-15 06:16:37'),(219,'LD25-HIST-191',2,2,8,NULL,NULL,NULL,'DELIVERED',NULL,NULL,'2025-12-23 18:30:00','2026-03-15 06:16:37'),(220,'LD25-HIST-090',15,1,3,NULL,NULL,NULL,'DELIVERED',NULL,NULL,'2025-06-06 18:30:00','2026-03-15 06:16:37'),(221,'LD25-HIST-190',1,1,4,NULL,NULL,NULL,'DELIVERED',NULL,NULL,'2025-12-22 18:30:00','2026-03-15 06:16:37');
/*!40000 ALTER TABLE `leads` ENABLE KEYS */;
UNLOCK TABLES;

--
-- Table structure for table `mechanics`
--

DROP TABLE IF EXISTS `mechanics`;
/*!40101 SET @saved_cs_client     = @@character_set_client */;
/*!50503 SET character_set_client = utf8mb4 */;
CREATE TABLE `mechanics` (
  `id` bigint NOT NULL AUTO_INCREMENT,
  `employee_id` bigint NOT NULL,
  `speciality` varchar(100) DEFAULT NULL,
  PRIMARY KEY (`id`),
  UNIQUE KEY `employee_id` (`employee_id`),
  CONSTRAINT `fk_mech_emp` FOREIGN KEY (`employee_id`) REFERENCES `employees` (`id`)
) ENGINE=InnoDB AUTO_INCREMENT=3 DEFAULT CHARSET=utf8mb4 COLLATE=utf8mb4_0900_ai_ci;
/*!40101 SET character_set_client = @saved_cs_client */;

--
-- Dumping data for table `mechanics`
--

LOCK TABLES `mechanics` WRITE;
/*!40000 ALTER TABLE `mechanics` DISABLE KEYS */;
INSERT INTO `mechanics` VALUES (1,6,'General Service'),(2,7,'Engine & Transmission');
/*!40000 ALTER TABLE `mechanics` ENABLE KEYS */;
UNLOCK TABLES;

--
-- Table structure for table `payments`
--

DROP TABLE IF EXISTS `payments`;
/*!40101 SET @saved_cs_client     = @@character_set_client */;
/*!50503 SET character_set_client = utf8mb4 */;
CREATE TABLE `payments` (
  `id` bigint NOT NULL AUTO_INCREMENT,
  `payment_ref` varchar(30) NOT NULL,
  `invoice_id` bigint DEFAULT NULL,
  `job_card_id` bigint DEFAULT NULL,
  `customer_id` bigint NOT NULL,
  `amount` decimal(12,2) NOT NULL,
  `payment_mode` enum('CASH','CHEQUE','NEFT','RTGS','UPI','CARD') NOT NULL,
  `payment_date` date NOT NULL,
  `reference_no` varchar(100) DEFAULT NULL,
  `status` enum('PENDING','COMPLETED','FAILED','REFUNDED') DEFAULT 'PENDING',
  `recorded_by` bigint NOT NULL,
  `created_at` timestamp NULL DEFAULT CURRENT_TIMESTAMP,
  PRIMARY KEY (`id`),
  UNIQUE KEY `payment_ref` (`payment_ref`),
  KEY `fk_pay_invoice` (`invoice_id`),
  KEY `fk_pay_jobcard` (`job_card_id`),
  KEY `fk_pay_recorder` (`recorded_by`),
  KEY `idx_pay_customer` (`customer_id`),
  KEY `idx_pay_date` (`payment_date`),
  KEY `idx_pay_status` (`status`),
  CONSTRAINT `fk_pay_customer` FOREIGN KEY (`customer_id`) REFERENCES `customers` (`id`),
  CONSTRAINT `fk_pay_invoice` FOREIGN KEY (`invoice_id`) REFERENCES `invoices` (`id`),
  CONSTRAINT `fk_pay_jobcard` FOREIGN KEY (`job_card_id`) REFERENCES `job_cards` (`id`),
  CONSTRAINT `fk_pay_recorder` FOREIGN KEY (`recorded_by`) REFERENCES `employees` (`id`)
) ENGINE=InnoDB DEFAULT CHARSET=utf8mb4 COLLATE=utf8mb4_0900_ai_ci;
/*!40101 SET character_set_client = @saved_cs_client */;

--
-- Dumping data for table `payments`
--

LOCK TABLES `payments` WRITE;
/*!40000 ALTER TABLE `payments` DISABLE KEYS */;
/*!40000 ALTER TABLE `payments` ENABLE KEYS */;
UNLOCK TABLES;

--
-- Table structure for table `receipts`
--

DROP TABLE IF EXISTS `receipts`;
/*!40101 SET @saved_cs_client     = @@character_set_client */;
/*!50503 SET character_set_client = utf8mb4 */;
CREATE TABLE `receipts` (
  `id` bigint NOT NULL AUTO_INCREMENT,
  `receipt_number` varchar(20) NOT NULL,
  `payment_id` bigint NOT NULL,
  `issued_date` date NOT NULL,
  `issued_by` bigint NOT NULL,
  PRIMARY KEY (`id`),
  UNIQUE KEY `receipt_number` (`receipt_number`),
  UNIQUE KEY `payment_id` (`payment_id`),
  KEY `fk_rec_issuer` (`issued_by`),
  CONSTRAINT `fk_rec_issuer` FOREIGN KEY (`issued_by`) REFERENCES `employees` (`id`),
  CONSTRAINT `fk_rec_payment` FOREIGN KEY (`payment_id`) REFERENCES `payments` (`id`)
) ENGINE=InnoDB DEFAULT CHARSET=utf8mb4 COLLATE=utf8mb4_0900_ai_ci;
/*!40101 SET character_set_client = @saved_cs_client */;

--
-- Dumping data for table `receipts`
--

LOCK TABLES `receipts` WRITE;
/*!40000 ALTER TABLE `receipts` DISABLE KEYS */;
/*!40000 ALTER TABLE `receipts` ENABLE KEYS */;
UNLOCK TABLES;

--
-- Table structure for table `roles`
--

DROP TABLE IF EXISTS `roles`;
/*!40101 SET @saved_cs_client     = @@character_set_client */;
/*!50503 SET character_set_client = utf8mb4 */;
CREATE TABLE `roles` (
  `id` bigint NOT NULL AUTO_INCREMENT,
  `name` varchar(50) NOT NULL COMMENT 'ADMIN, SALES_MANAGER, SALES_EXECUTIVE, SERVICE_ADVISOR, MECHANIC, INVENTORY_MANAGER, ACCOUNTS',
  `description` varchar(255) DEFAULT NULL,
  `created_at` timestamp NULL DEFAULT CURRENT_TIMESTAMP,
  PRIMARY KEY (`id`),
  UNIQUE KEY `name` (`name`)
) ENGINE=InnoDB AUTO_INCREMENT=8 DEFAULT CHARSET=utf8mb4 COLLATE=utf8mb4_0900_ai_ci;
/*!40101 SET character_set_client = @saved_cs_client */;

--
-- Dumping data for table `roles`
--

LOCK TABLES `roles` WRITE;
/*!40000 ALTER TABLE `roles` DISABLE KEYS */;
INSERT INTO `roles` VALUES (1,'ADMIN','System Administrator','2026-03-15 05:34:05'),(2,'SALES_MANAGER','Sales Manager','2026-03-15 05:34:05'),(3,'SALES_EXECUTIVE','Sales Executive','2026-03-15 05:34:05'),(4,'SERVICE_ADVISOR','Service Advisor','2026-03-15 05:34:05'),(5,'MECHANIC','Mechanic','2026-03-15 05:34:05'),(6,'INVENTORY_MANAGER','Inventory Manager','2026-03-15 05:34:05'),(7,'ACCOUNTS','Accounts & Finance','2026-03-15 05:34:05');
/*!40000 ALTER TABLE `roles` ENABLE KEYS */;
UNLOCK TABLES;

--
-- Table structure for table `service_appointments`
--

DROP TABLE IF EXISTS `service_appointments`;
/*!40101 SET @saved_cs_client     = @@character_set_client */;
/*!50503 SET character_set_client = utf8mb4 */;
CREATE TABLE `service_appointments` (
  `id` bigint NOT NULL AUTO_INCREMENT,
  `appointment_no` varchar(20) NOT NULL,
  `customer_id` bigint NOT NULL,
  `vehicle_reg_no` varchar(20) NOT NULL COMMENT 'Customer''s already owned vehicle reg no',
  `vehicle_variant_id` bigint DEFAULT NULL,
  `appointed_by` bigint NOT NULL COMMENT 'Service Advisor',
  `appointment_date` datetime NOT NULL,
  `service_type` enum('PERIODIC','REPAIR','ACCIDENTAL','WARRANTY','RECALL') NOT NULL,
  `status` enum('SCHEDULED','IN_PROGRESS','COMPLETED','CANCELLED') DEFAULT 'SCHEDULED',
  `remarks` text,
  `created_at` timestamp NULL DEFAULT CURRENT_TIMESTAMP,
  `updated_at` timestamp NULL DEFAULT CURRENT_TIMESTAMP ON UPDATE CURRENT_TIMESTAMP,
  PRIMARY KEY (`id`),
  UNIQUE KEY `appointment_no` (`appointment_no`),
  KEY `fk_sa_advisor` (`appointed_by`),
  KEY `fk_sa_variant` (`vehicle_variant_id`),
  KEY `idx_sa_customer` (`customer_id`),
  KEY `idx_sa_date` (`appointment_date`),
  KEY `idx_sa_status` (`status`),
  KEY `IDX4ib89m4a2cqpu1q6qy0qprf32` (`customer_id`),
  KEY `IDXcwfiu8e6c3tsd9ajnf96f45vw` (`appointment_date`),
  KEY `IDX6x701nl9e2kupmlpjne6vjej5` (`status`),
  CONSTRAINT `fk_sa_advisor` FOREIGN KEY (`appointed_by`) REFERENCES `employees` (`id`),
  CONSTRAINT `fk_sa_customer` FOREIGN KEY (`customer_id`) REFERENCES `customers` (`id`),
  CONSTRAINT `fk_sa_variant` FOREIGN KEY (`vehicle_variant_id`) REFERENCES `vehicle_variants` (`id`)
) ENGINE=InnoDB AUTO_INCREMENT=21 DEFAULT CHARSET=utf8mb4 COLLATE=utf8mb4_0900_ai_ci;
/*!40101 SET character_set_client = @saved_cs_client */;

--
-- Dumping data for table `service_appointments`
--

LOCK TABLES `service_appointments` WRITE;
/*!40000 ALTER TABLE `service_appointments` DISABLE KEYS */;
INSERT INTO `service_appointments` VALUES (1,'SRV0001',1,'KA01AB1234',NULL,5,'2025-10-15 10:00:00','PERIODIC','COMPLETED',NULL,'2025-10-10 04:30:00','2026-03-14 16:48:09'),(2,'SRV0002',2,'KA03CD5678',NULL,5,'2025-11-20 14:00:00','REPAIR','IN_PROGRESS',NULL,'2025-11-18 04:30:00','2026-03-14 16:48:09'),(3,'SRV0003',3,'KA05EF9012',NULL,5,'2025-12-05 09:30:00','ACCIDENTAL','COMPLETED',NULL,'2025-12-01 04:30:00','2026-03-14 16:48:09'),(4,'SRV0004',4,'KA02GH3456',NULL,5,'2026-01-10 11:00:00','WARRANTY','COMPLETED',NULL,'2026-01-05 04:30:00','2026-03-14 16:48:09'),(5,'SRV0005',5,'KA04IJ7890',NULL,5,'2026-02-25 10:30:00','PERIODIC','SCHEDULED',NULL,'2026-02-20 04:30:00','2026-03-14 16:48:09'),(6,'SRV0006',6,'KA01KL1212',NULL,5,'2026-03-15 14:00:00','REPAIR','SCHEDULED',NULL,'2026-03-10 04:30:00','2026-03-14 16:48:09'),(7,'SRV0007',7,'KA03MN3434',NULL,5,'2025-09-22 15:30:00','PERIODIC','COMPLETED',NULL,'2025-09-18 04:30:00','2026-03-14 16:48:09'),(8,'SRV0008',10,'KA05OP5656',NULL,5,'2026-01-20 09:00:00','REPAIR','COMPLETED',NULL,'2026-01-15 04:30:00','2026-03-14 16:48:09'),(9,'SRV0009',16,'KA01AB1111',NULL,5,'2025-10-05 10:00:00','PERIODIC','COMPLETED',NULL,'2025-10-01 04:30:00','2026-03-14 16:48:09'),(10,'SRV0010',17,'KA03CD2222',NULL,5,'2025-11-10 14:00:00','REPAIR','IN_PROGRESS',NULL,'2025-11-05 04:30:00','2026-03-14 16:48:09'),(11,'SRV0011',18,'KA05EF3333',NULL,5,'2025-12-15 09:30:00','ACCIDENTAL','COMPLETED',NULL,'2025-12-10 04:30:00','2026-03-14 16:48:09'),(12,'SRV0012',19,'KA02GH4444',NULL,5,'2026-01-20 11:00:00','WARRANTY','COMPLETED',NULL,'2026-01-15 04:30:00','2026-03-14 16:48:09'),(13,'SRV0013',20,'KA04IJ5555',NULL,5,'2026-02-05 10:30:00','PERIODIC','SCHEDULED',NULL,'2026-02-01 04:30:00','2026-03-14 16:48:09'),(14,'SRV0014',21,'KA01KL6666',NULL,5,'2026-03-25 14:00:00','REPAIR','SCHEDULED',NULL,'2026-03-20 04:30:00','2026-03-14 16:48:09'),(15,'SRV0015',22,'KA03MN7777',NULL,5,'2025-09-12 15:30:00','PERIODIC','COMPLETED',NULL,'2025-09-08 04:30:00','2026-03-14 16:48:09'),(16,'SRV0016',23,'KA05OP8888',NULL,5,'2026-01-30 09:00:00','REPAIR','COMPLETED',NULL,'2026-01-25 04:30:00','2026-03-14 16:48:09'),(17,'SRV0017',1,'KA01AB1234',NULL,5,'2026-03-14 10:00:00','PERIODIC','SCHEDULED',NULL,'2026-03-11 04:30:00','2026-03-14 16:48:09'),(18,'SRV0018',2,'KA03CD5678',NULL,5,'2026-03-14 14:00:00','REPAIR','IN_PROGRESS',NULL,'2026-03-12 06:00:00','2026-03-14 16:48:09'),(19,'SRV0019',3,'KA05EF9012',NULL,5,'2026-03-15 09:30:00','ACCIDENTAL','SCHEDULED',NULL,'2026-03-13 08:45:00','2026-03-14 16:48:09'),(20,'SRV0020',4,'KA02GH3456',NULL,5,'2026-03-16 11:00:00','WARRANTY','SCHEDULED',NULL,'2026-03-14 04:15:00','2026-03-14 16:48:09');
/*!40000 ALTER TABLE `service_appointments` ENABLE KEYS */;
UNLOCK TABLES;

--
-- Table structure for table `service_history`
--

DROP TABLE IF EXISTS `service_history`;
/*!40101 SET @saved_cs_client     = @@character_set_client */;
/*!50503 SET character_set_client = utf8mb4 */;
CREATE TABLE `service_history` (
  `id` bigint NOT NULL AUTO_INCREMENT,
  `job_card_id` bigint NOT NULL,
  `description` varchar(255) NOT NULL,
  `action_taken` text,
  `recorded_by` bigint NOT NULL,
  `recorded_at` timestamp NULL DEFAULT CURRENT_TIMESTAMP,
  PRIMARY KEY (`id`),
  KEY `fk_sh_recorded` (`recorded_by`),
  KEY `idx_sh_jobcard` (`job_card_id`),
  CONSTRAINT `fk_sh_jobcard` FOREIGN KEY (`job_card_id`) REFERENCES `job_cards` (`id`),
  CONSTRAINT `fk_sh_recorded` FOREIGN KEY (`recorded_by`) REFERENCES `employees` (`id`)
) ENGINE=InnoDB DEFAULT CHARSET=utf8mb4 COLLATE=utf8mb4_0900_ai_ci;
/*!40101 SET character_set_client = @saved_cs_client */;

--
-- Dumping data for table `service_history`
--

LOCK TABLES `service_history` WRITE;
/*!40000 ALTER TABLE `service_history` DISABLE KEYS */;
/*!40000 ALTER TABLE `service_history` ENABLE KEYS */;
UNLOCK TABLES;

--
-- Table structure for table `spare_part_inventory`
--

DROP TABLE IF EXISTS `spare_part_inventory`;
/*!40101 SET @saved_cs_client     = @@character_set_client */;
/*!50503 SET character_set_client = utf8mb4 */;
CREATE TABLE `spare_part_inventory` (
  `id` bigint NOT NULL AUTO_INCREMENT,
  `part_id` bigint NOT NULL,
  `location_id` bigint NOT NULL,
  `quantity` decimal(10,3) NOT NULL DEFAULT '0.000',
  `reorder_level` decimal(10,3) DEFAULT '5.000',
  `last_updated` timestamp NULL DEFAULT CURRENT_TIMESTAMP ON UPDATE CURRENT_TIMESTAMP,
  PRIMARY KEY (`id`),
  UNIQUE KEY `part_id` (`part_id`),
  KEY `idx_spi_part` (`part_id`),
  KEY `idx_spi_location` (`location_id`),
  CONSTRAINT `fk_spi_location` FOREIGN KEY (`location_id`) REFERENCES `inventory_locations` (`id`),
  CONSTRAINT `fk_spi_part` FOREIGN KEY (`part_id`) REFERENCES `spare_parts` (`id`)
) ENGINE=InnoDB DEFAULT CHARSET=utf8mb4 COLLATE=utf8mb4_0900_ai_ci;
/*!40101 SET character_set_client = @saved_cs_client */;

--
-- Dumping data for table `spare_part_inventory`
--

LOCK TABLES `spare_part_inventory` WRITE;
/*!40000 ALTER TABLE `spare_part_inventory` DISABLE KEYS */;
/*!40000 ALTER TABLE `spare_part_inventory` ENABLE KEYS */;
UNLOCK TABLES;

--
-- Table structure for table `spare_part_usage`
--

DROP TABLE IF EXISTS `spare_part_usage`;
/*!40101 SET @saved_cs_client     = @@character_set_client */;
/*!50503 SET character_set_client = utf8mb4 */;
CREATE TABLE `spare_part_usage` (
  `id` bigint NOT NULL AUTO_INCREMENT,
  `job_card_id` bigint NOT NULL,
  `part_id` bigint NOT NULL,
  `quantity` decimal(10,3) NOT NULL,
  `unit_price` decimal(12,2) NOT NULL,
  `total_price` decimal(12,2) NOT NULL,
  `used_at` timestamp NULL DEFAULT CURRENT_TIMESTAMP,
  PRIMARY KEY (`id`),
  KEY `idx_spu_jobcard` (`job_card_id`),
  KEY `idx_spu_part` (`part_id`),
  CONSTRAINT `fk_spu_jobcard` FOREIGN KEY (`job_card_id`) REFERENCES `job_cards` (`id`),
  CONSTRAINT `fk_spu_part` FOREIGN KEY (`part_id`) REFERENCES `spare_parts` (`id`)
) ENGINE=InnoDB DEFAULT CHARSET=utf8mb4 COLLATE=utf8mb4_0900_ai_ci;
/*!40101 SET character_set_client = @saved_cs_client */;

--
-- Dumping data for table `spare_part_usage`
--

LOCK TABLES `spare_part_usage` WRITE;
/*!40000 ALTER TABLE `spare_part_usage` DISABLE KEYS */;
/*!40000 ALTER TABLE `spare_part_usage` ENABLE KEYS */;
UNLOCK TABLES;

--
-- Table structure for table `spare_parts`
--

DROP TABLE IF EXISTS `spare_parts`;
/*!40101 SET @saved_cs_client     = @@character_set_client */;
/*!50503 SET character_set_client = utf8mb4 */;
CREATE TABLE `spare_parts` (
  `id` bigint NOT NULL AUTO_INCREMENT,
  `part_number` varchar(50) NOT NULL,
  `name` varchar(150) NOT NULL,
  `description` text,
  `category` varchar(80) DEFAULT NULL,
  `unit` varchar(20) DEFAULT 'Piece',
  `unit_price` decimal(12,2) NOT NULL,
  `gst_rate` decimal(5,2) DEFAULT '18.00',
  `supplier_id` bigint DEFAULT NULL,
  `is_active` tinyint(1) DEFAULT '1',
  `created_at` timestamp NULL DEFAULT CURRENT_TIMESTAMP,
  PRIMARY KEY (`id`),
  UNIQUE KEY `part_number` (`part_number`),
  KEY `idx_sp_category` (`category`),
  KEY `idx_sp_supplier` (`supplier_id`),
  KEY `IDXf2k5732mv0wtohhr1y10x7uwc` (`category`),
  KEY `IDXaf4ppm0vfa0w5hosn4b5n1krk` (`supplier_id`),
  CONSTRAINT `fk_sp_supplier` FOREIGN KEY (`supplier_id`) REFERENCES `suppliers` (`id`)
) ENGINE=InnoDB DEFAULT CHARSET=utf8mb4 COLLATE=utf8mb4_0900_ai_ci;
/*!40101 SET character_set_client = @saved_cs_client */;

--
-- Dumping data for table `spare_parts`
--

LOCK TABLES `spare_parts` WRITE;
/*!40000 ALTER TABLE `spare_parts` DISABLE KEYS */;
/*!40000 ALTER TABLE `spare_parts` ENABLE KEYS */;
UNLOCK TABLES;

--
-- Table structure for table `suppliers`
--

DROP TABLE IF EXISTS `suppliers`;
/*!40101 SET @saved_cs_client     = @@character_set_client */;
/*!50503 SET character_set_client = utf8mb4 */;
CREATE TABLE `suppliers` (
  `id` bigint NOT NULL AUTO_INCREMENT,
  `name` varchar(150) NOT NULL,
  `contact_name` varchar(100) DEFAULT NULL,
  `phone` varchar(20) DEFAULT NULL,
  `email` varchar(100) DEFAULT NULL,
  `address` varchar(255) DEFAULT NULL,
  `gst_number` varchar(20) DEFAULT NULL,
  `created_at` timestamp NULL DEFAULT CURRENT_TIMESTAMP,
  PRIMARY KEY (`id`),
  UNIQUE KEY `uq_supplier_name` (`name`)
) ENGINE=InnoDB DEFAULT CHARSET=utf8mb4 COLLATE=utf8mb4_0900_ai_ci;
/*!40101 SET character_set_client = @saved_cs_client */;

--
-- Dumping data for table `suppliers`
--

LOCK TABLES `suppliers` WRITE;
/*!40000 ALTER TABLE `suppliers` DISABLE KEYS */;
/*!40000 ALTER TABLE `suppliers` ENABLE KEYS */;
UNLOCK TABLES;

--
-- Table structure for table `test_drives`
--

DROP TABLE IF EXISTS `test_drives`;
/*!40101 SET @saved_cs_client     = @@character_set_client */;
/*!50503 SET character_set_client = utf8mb4 */;
CREATE TABLE `test_drives` (
  `id` bigint NOT NULL AUTO_INCREMENT,
  `lead_id` bigint NOT NULL,
  `vehicle_id` bigint NOT NULL,
  `scheduled_at` datetime NOT NULL,
  `conducted_by` bigint NOT NULL COMMENT 'Sales Executive',
  `status` enum('SCHEDULED','COMPLETED','CANCELLED') DEFAULT 'SCHEDULED',
  `feedback` text,
  `created_at` timestamp NULL DEFAULT CURRENT_TIMESTAMP,
  PRIMARY KEY (`id`),
  KEY `fk_td_exec` (`conducted_by`),
  KEY `idx_td_lead` (`lead_id`),
  KEY `idx_td_vehicle` (`vehicle_id`),
  CONSTRAINT `fk_td_exec` FOREIGN KEY (`conducted_by`) REFERENCES `employees` (`id`),
  CONSTRAINT `fk_td_lead` FOREIGN KEY (`lead_id`) REFERENCES `leads` (`id`),
  CONSTRAINT `fk_td_vehicle` FOREIGN KEY (`vehicle_id`) REFERENCES `vehicles` (`id`)
) ENGINE=InnoDB DEFAULT CHARSET=utf8mb4 COLLATE=utf8mb4_0900_ai_ci;
/*!40101 SET character_set_client = @saved_cs_client */;

--
-- Dumping data for table `test_drives`
--

LOCK TABLES `test_drives` WRITE;
/*!40000 ALTER TABLE `test_drives` DISABLE KEYS */;
/*!40000 ALTER TABLE `test_drives` ENABLE KEYS */;
UNLOCK TABLES;

--
-- Table structure for table `vehicle_allocations`
--

DROP TABLE IF EXISTS `vehicle_allocations`;
/*!40101 SET @saved_cs_client     = @@character_set_client */;
/*!50503 SET character_set_client = utf8mb4 */;
CREATE TABLE `vehicle_allocations` (
  `id` bigint NOT NULL AUTO_INCREMENT,
  `booking_id` bigint NOT NULL,
  `vehicle_id` bigint NOT NULL,
  `allocated_by` bigint NOT NULL,
  `allocated_at` timestamp NULL DEFAULT CURRENT_TIMESTAMP,
  PRIMARY KEY (`id`),
  UNIQUE KEY `booking_id` (`booking_id`),
  UNIQUE KEY `vehicle_id` (`vehicle_id`),
  KEY `fk_va_allocby` (`allocated_by`),
  KEY `idx_va_vehicle` (`vehicle_id`),
  KEY `idx_va_booking` (`booking_id`),
  CONSTRAINT `fk_va_allocby` FOREIGN KEY (`allocated_by`) REFERENCES `employees` (`id`),
  CONSTRAINT `fk_va_booking` FOREIGN KEY (`booking_id`) REFERENCES `bookings` (`id`),
  CONSTRAINT `fk_va_vehicle` FOREIGN KEY (`vehicle_id`) REFERENCES `vehicles` (`id`)
) ENGINE=InnoDB DEFAULT CHARSET=utf8mb4 COLLATE=utf8mb4_0900_ai_ci;
/*!40101 SET character_set_client = @saved_cs_client */;

--
-- Dumping data for table `vehicle_allocations`
--

LOCK TABLES `vehicle_allocations` WRITE;
/*!40000 ALTER TABLE `vehicle_allocations` DISABLE KEYS */;
/*!40000 ALTER TABLE `vehicle_allocations` ENABLE KEYS */;
UNLOCK TABLES;

--
-- Table structure for table `vehicle_models`
--

DROP TABLE IF EXISTS `vehicle_models`;
/*!40101 SET @saved_cs_client     = @@character_set_client */;
/*!50503 SET character_set_client = utf8mb4 */;
CREATE TABLE `vehicle_models` (
  `id` bigint NOT NULL AUTO_INCREMENT,
  `model_code` varchar(20) NOT NULL,
  `model_name` varchar(100) NOT NULL,
  `segment` varchar(50) DEFAULT NULL COMMENT 'Sedan, SUV, Hatchback …',
  `launch_year` int DEFAULT NULL,
  `is_active` tinyint(1) DEFAULT '1',
  `created_at` timestamp NULL DEFAULT CURRENT_TIMESTAMP,
  PRIMARY KEY (`id`),
  UNIQUE KEY `model_code` (`model_code`)
) ENGINE=InnoDB AUTO_INCREMENT=9 DEFAULT CHARSET=utf8mb4 COLLATE=utf8mb4_0900_ai_ci;
/*!40101 SET character_set_client = @saved_cs_client */;

--
-- Dumping data for table `vehicle_models`
--

LOCK TABLES `vehicle_models` WRITE;
/*!40000 ALTER TABLE `vehicle_models` DISABLE KEYS */;
INSERT INTO `vehicle_models` VALUES (1,'CRETA','Creta','SUV',2020,1,'2026-03-14 16:48:09'),(2,'VENUE','Venue','Compact SUV',2019,1,'2026-03-14 16:48:09'),(3,'VERNA','Verna','Sedan',2023,1,'2026-03-14 16:48:09'),(4,'I20','i20','Premium Hatchback',2020,1,'2026-03-14 16:48:09'),(5,'TUCSON','Tucson','Premium SUV',2022,1,'2026-03-14 16:48:09'),(6,'IONIQ5','Ioniq 5','EV SUV',2023,1,'2026-03-14 16:48:09'),(7,'EXTER','Exter','Micro SUV',2023,1,'2026-03-14 16:48:09'),(8,'AURA','Aura','Compact Sedan',2020,1,'2026-03-14 16:48:09');
/*!40000 ALTER TABLE `vehicle_models` ENABLE KEYS */;
UNLOCK TABLES;

--
-- Table structure for table `vehicle_variants`
--

DROP TABLE IF EXISTS `vehicle_variants`;
/*!40101 SET @saved_cs_client     = @@character_set_client */;
/*!50503 SET character_set_client = utf8mb4 */;
CREATE TABLE `vehicle_variants` (
  `id` bigint NOT NULL AUTO_INCREMENT,
  `model_id` bigint NOT NULL,
  `variant_code` varchar(20) NOT NULL,
  `variant_name` varchar(100) NOT NULL,
  `engine_type_id` bigint NOT NULL,
  `transmission` varchar(30) DEFAULT NULL COMMENT 'Manual, Automatic, DCT …',
  `seating_capacity` int DEFAULT NULL,
  `ex_showroom_price` decimal(12,2) NOT NULL,
  `is_active` tinyint(1) DEFAULT '1',
  `created_at` timestamp NULL DEFAULT CURRENT_TIMESTAMP,
  PRIMARY KEY (`id`),
  UNIQUE KEY `variant_code` (`variant_code`),
  KEY `fk_vv_engine` (`engine_type_id`),
  KEY `idx_vv_model` (`model_id`),
  KEY `IDX1keaynl7mfccmk1i8fcah36yk` (`model_id`),
  CONSTRAINT `fk_vv_engine` FOREIGN KEY (`engine_type_id`) REFERENCES `engine_types` (`id`),
  CONSTRAINT `fk_vv_model` FOREIGN KEY (`model_id`) REFERENCES `vehicle_models` (`id`)
) ENGINE=InnoDB AUTO_INCREMENT=13 DEFAULT CHARSET=utf8mb4 COLLATE=utf8mb4_0900_ai_ci;
/*!40101 SET character_set_client = @saved_cs_client */;

--
-- Dumping data for table `vehicle_variants`
--

LOCK TABLES `vehicle_variants` WRITE;
/*!40000 ALTER TABLE `vehicle_variants` DISABLE KEYS */;
INSERT INTO `vehicle_variants` VALUES (1,1,'CRT-E','E 1.5 Petrol MT',2,'Manual',5,1087000.00,1,'2026-03-14 16:48:09'),(2,1,'CRT-SX','SX 1.5 Diesel AT',3,'Automatic',5,1900000.00,1,'2026-03-14 16:48:09'),(3,2,'VEN-S','S 1.2 Petrol MT',1,'Manual',5,894000.00,1,'2026-03-14 16:48:09'),(4,2,'VEN-SX','SX (O) 1.0 Turbo DCT',4,'DCT',5,1318000.00,1,'2026-03-14 16:48:09'),(5,3,'VRN-SX','SX 1.5 Petrol CVT',2,'CVT',5,1423000.00,1,'2026-03-14 16:48:09'),(6,4,'I20-ASTA','Asta (O) 1.2 Petrol IVT',1,'IVT',5,1116000.00,1,'2026-03-14 16:48:09'),(7,5,'TUC-SIG','Signature 2.0 Diesel AT',3,'Automatic',5,3546000.00,1,'2026-03-14 16:48:09'),(8,6,'ION-RWD','RWD 72.6 kWh',5,'Automatic',5,4495000.00,1,'2026-03-14 16:48:09'),(9,7,'EXT-S','S 1.2 Kappa MT',1,'Manual',5,738000.00,1,'2026-03-14 16:48:09'),(10,7,'EXT-SX','SX 1.2 AMT',1,'AMT',5,896000.00,1,'2026-03-14 16:48:09'),(11,8,'AUR-S','S 1.2 Petrol MT',1,'Manual',5,722000.00,1,'2026-03-14 16:48:09'),(12,1,'CRT-SXO','SX (O) 1.5 Turbo DCT',4,'DCT',5,2000000.00,1,'2026-03-14 16:48:09');
/*!40000 ALTER TABLE `vehicle_variants` ENABLE KEYS */;
UNLOCK TABLES;

--
-- Table structure for table `vehicles`
--

DROP TABLE IF EXISTS `vehicles`;
/*!40101 SET @saved_cs_client     = @@character_set_client */;
/*!50503 SET character_set_client = utf8mb4 */;
CREATE TABLE `vehicles` (
  `id` bigint NOT NULL AUTO_INCREMENT,
  `vin` varchar(17) NOT NULL COMMENT 'Vehicle Identification Number',
  `variant_id` bigint NOT NULL,
  `color_id` bigint NOT NULL,
  `location_id` bigint NOT NULL,
  `mfg_year` int DEFAULT NULL,
  `status` enum('IN_STOCK','ALLOCATED','SOLD','IN_TRANSIT','DEMO') DEFAULT 'IN_STOCK',
  `invoice_date` date DEFAULT NULL COMMENT 'Factory invoice date',
  `dealer_cost` decimal(12,2) DEFAULT NULL,
  `created_at` timestamp NULL DEFAULT CURRENT_TIMESTAMP,
  `updated_at` timestamp NULL DEFAULT CURRENT_TIMESTAMP ON UPDATE CURRENT_TIMESTAMP,
  `arrival_date` date DEFAULT NULL,
  `chassis_number` varchar(255) DEFAULT NULL,
  `engine_number` varchar(255) DEFAULT NULL,
  `mfg_date` date DEFAULT NULL,
  PRIMARY KEY (`id`),
  UNIQUE KEY `vin` (`vin`),
  UNIQUE KEY `UK_nxje1115h6kn6pauv8vwttj0t` (`chassis_number`),
  UNIQUE KEY `UK_3jtis68l3n7tt31ob3apate19` (`engine_number`),
  KEY `fk_v_color` (`color_id`),
  KEY `idx_v_status` (`status`),
  KEY `idx_v_variant` (`variant_id`),
  KEY `idx_v_location` (`location_id`),
  KEY `IDXsu9n2a5safs6cygapxku2g0qk` (`status`),
  KEY `IDXavfwhji0uwjjf9qua8x3fdqyf` (`variant_id`),
  KEY `IDXj46hc0bmb9swg71slwaj9579` (`location_id`),
  CONSTRAINT `fk_v_color` FOREIGN KEY (`color_id`) REFERENCES `colors` (`id`),
  CONSTRAINT `fk_v_location` FOREIGN KEY (`location_id`) REFERENCES `inventory_locations` (`id`),
  CONSTRAINT `fk_v_variant` FOREIGN KEY (`variant_id`) REFERENCES `vehicle_variants` (`id`)
) ENGINE=InnoDB AUTO_INCREMENT=344 DEFAULT CHARSET=utf8mb4 COLLATE=utf8mb4_0900_ai_ci;
/*!40101 SET character_set_client = @saved_cs_client */;

--
-- Dumping data for table `vehicles`
--

LOCK TABLES `vehicles` WRITE;
/*!40000 ALTER TABLE `vehicles` DISABLE KEYS */;
INSERT INTO `vehicles` VALUES (1,'VIN0000000010001',1,1,1,2025,'ALLOCATED',NULL,1000000.00,'2025-09-05 04:30:00','2026-03-15 05:34:05','2025-01-10','CRT-CHS-2025-0001','CRT-ENG-2025-0001','2024-10-15'),(2,'VIN0000000010002',4,4,1,2025,'ALLOCATED',NULL,1050000.00,'2025-11-01 04:30:00','2026-03-15 05:34:05','2025-02-05','VNU-CHS-2025-0001','VNU-ENG-2025-0001','2024-11-20'),(3,'VIN0000000010003',6,2,1,2025,'ALLOCATED','2026-03-15',1750000.00,'2025-12-01 04:30:00','2026-03-15 05:34:05','2025-03-12','CRT-CHS-2025-0002','CRT-ENG-2025-0002','2024-12-10'),(4,'VIN0000000010004',2,5,2,2025,'SOLD',NULL,1200000.00,'2026-01-05 04:30:00','2026-03-15 05:34:05','2025-04-01','TCS-CHS-2025-0001','TCS-ENG-2025-0001','2024-12-28'),(5,'VIN0000000010005',7,3,1,2026,'ALLOCATED',NULL,4100000.00,'2026-02-10 04:30:00','2026-03-15 05:34:05','2025-05-18','I5N-CHS-2025-0001','I5N-ENG-2025-0001','2025-01-15'),(6,'VIN0000000010006',9,1,1,2025,'ALLOCATED',NULL,1850000.00,'2025-10-15 04:30:00','2026-03-15 05:34:05','2025-06-03','VNA-CHS-2025-0001','VNA-ENG-2025-0001','2025-02-10'),(7,'VIN0000000010007',11,8,2,2025,'ALLOCATED',NULL,3250000.00,'2025-12-10 04:30:00','2026-03-15 05:34:05','2025-07-20','TCS-CHS-2025-0002','TCS-ENG-2025-0002','2025-03-05'),(8,'VIN0000000010008',3,6,1,2026,'SOLD',NULL,680000.00,'2026-01-20 04:30:00','2026-03-15 05:34:05','2026-01-08','EXT-CHS-2026-0001','EXT-ENG-2026-0001','2025-10-22'),(9,'VIN0000000010009',5,7,2,2026,'ALLOCATED',NULL,820000.00,'2026-02-15 04:30:00','2026-03-15 05:34:05','2026-01-20','EXT-CHS-2026-0002','EXT-ENG-2026-0002','2025-11-05'),(10,'VIN0000000010010',10,9,1,2026,'ALLOCATED',NULL,800000.00,'2026-03-01 04:30:00','2026-03-15 05:34:05','2026-02-02','VNU-CHS-2026-0001','VNU-ENG-2026-0001','2025-11-18'),(11,'VIN0000000010011',1,2,1,2025,'ALLOCATED',NULL,1000000.00,'2025-09-15 04:30:00','2026-03-15 03:54:08','2025-04-15','CRT-CHS-2025-0003','CRT-ENG-2025-0003','2025-01-08'),(12,'VIN0000000010012',8,5,1,2025,'ALLOCATED',NULL,1750000.00,'2025-09-20 04:30:00','2026-03-15 05:34:05','2025-05-09','CRT-CHS-2025-0004','CRT-ENG-2025-0004','2025-02-14'),(13,'VIN0000000010013',6,1,2,2025,'SOLD',NULL,3250000.00,'2025-10-15 04:30:00','2026-03-15 05:34:05','2025-05-30','TCS-CHS-2025-0003','TCS-ENG-2025-0003','2025-02-25'),(14,'VIN0000000010014',4,2,2,2025,'ALLOCATED',NULL,1000000.00,'2025-10-25 04:30:00','2026-03-15 05:34:05','2025-06-22','CRT-CHS-2025-0005','CRT-ENG-2025-0005','2025-03-12'),(15,'VIN0000000010015',2,3,1,2025,'ALLOCATED',NULL,1750000.00,'2025-11-10 04:30:00','2026-03-15 05:34:05','2025-07-11','CRT-CHS-2025-0006','CRT-ENG-2025-0006','2025-04-01'),(16,'VIN0000000010016',7,7,1,2025,'ALLOCATED',NULL,3250000.00,'2025-12-05 04:30:00','2026-03-15 05:34:05','2025-08-05','TCS-CHS-2025-0004','TCS-ENG-2025-0004','2025-04-18'),(17,'VIN0000000010017',9,8,2,2025,'ALLOCATED',NULL,800000.00,'2025-12-20 04:30:00','2026-03-15 05:34:05','2025-07-25','VNU-CHS-2025-0002','VNU-ENG-2025-0002','2025-04-28'),(18,'VIN0000000010018',5,1,1,2026,'ALLOCATED',NULL,4100000.00,'2026-01-15 04:30:00','2026-03-15 05:34:05','2026-02-10','I5N-CHS-2026-0001','I5N-ENG-2026-0001','2025-10-30'),(19,'VIN0000000010019',3,4,2,2026,'ALLOCATED',NULL,1300000.00,'2026-01-25 04:30:00','2026-03-15 05:34:05','2026-01-14','VNA-CHS-2026-0001','VNA-ENG-2026-0001','2025-10-10'),(20,'VIN0000000010020',12,5,1,2026,'ALLOCATED',NULL,800000.00,'2026-02-10 04:30:00','2026-03-15 05:34:05','2026-02-18','VNU-CHS-2026-0002','VNU-ENG-2026-0002','2025-11-22'),(21,'VIN0000000010021',12,1,1,2026,'IN_STOCK',NULL,1850000.00,'2026-03-01 04:30:00','2026-03-15 03:33:28','2026-01-03','CRT-CHS-2026-0001','CRT-ENG-2026-0001','2025-09-15'),(22,'VIN0000000010022',9,2,1,2026,'IN_STOCK',NULL,680000.00,'2026-03-05 04:30:00','2026-03-15 03:33:28','2026-02-25','EXT-CHS-2026-0003','EXT-ENG-2026-0003','2025-12-01'),(23,'VIN0000000010023',10,4,2,2026,'IN_STOCK',NULL,820000.00,'2026-03-10 04:30:00','2026-03-15 03:33:28','2026-02-28','EXT-CHS-2026-0004','EXT-ENG-2026-0004','2025-12-10'),(24,'VIN0000000010024',2,5,2,2026,'IN_STOCK',NULL,1750000.00,'2026-03-15 04:30:00','2026-03-15 03:33:28','2026-01-22','CRT-CHS-2026-0002','CRT-ENG-2026-0002','2025-10-05'),(25,'VIN0000000010025',4,1,1,2026,'IN_STOCK',NULL,1200000.00,'2026-03-20 04:30:00','2026-03-15 03:33:28','2026-01-30','VNU-CHS-2026-0003','VNU-ENG-2026-0003','2025-11-01'),(26,'VIN0000000010026',8,2,1,2026,'IN_STOCK',NULL,4100000.00,'2026-03-25 04:30:00','2026-03-15 03:33:28','2026-02-22','I5N-CHS-2026-0002','I5N-ENG-2026-0002','2025-11-28'),(27,'VIN0000000010027',5,5,2,2026,'IN_STOCK',NULL,1300000.00,'2026-03-30 04:30:00','2026-03-15 03:33:28','2026-01-18','VNA-CHS-2026-0002','VNA-ENG-2026-0002','2025-10-18'),(28,'VIN0000000010028',1,8,1,2026,'IN_STOCK',NULL,1000000.00,'2026-04-01 04:30:00','2026-03-15 03:33:28','2026-02-14','CRT-CHS-2026-0003','CRT-ENG-2026-0003','2025-12-05'),(29,'VIN0000000010029',7,9,2,2026,'IN_STOCK',NULL,3250000.00,'2026-04-05 04:30:00','2026-03-15 03:33:28','2026-01-07','TCS-CHS-2026-0001','TCS-ENG-2026-0001','2025-09-28'),(30,'VIN0000000010030',3,1,1,2026,'IN_STOCK',NULL,800000.00,'2026-04-10 04:30:00','2026-03-15 03:33:28','2026-02-08','VNU-CHS-2026-0004','VNU-ENG-2026-0004','2025-11-15'),(31,'VIN1A2B3C4D5E6F7',1,1,1,2026,'IN_STOCK','2025-11-20',923950.00,'2025-11-20 03:30:00','2026-03-15 03:33:28','2025-12-15','CRT-CHS-2026-0004','CRT-ENG-2026-0004','2025-09-10'),(32,'VIN2A3B4C5D6E7F8',2,2,2,2025,'ALLOCATED','2025-09-15',1615000.00,'2025-09-15 04:45:00','2026-03-15 03:33:28','2025-08-25','CRT-CHS-2025-0007','CRT-ENG-2025-0007','2025-05-20'),(33,'VIN3A4B5C6D7E8F9',3,3,3,2026,'IN_STOCK','2026-01-10',759900.00,'2026-01-10 06:00:00','2026-03-15 03:33:28','2025-12-20','VNU-CHS-2026-0005','VNU-ENG-2026-0005','2025-09-25'),(34,'VIN4A5B6C7D8E9F0',4,4,1,2025,'ALLOCATED','2025-10-05',1120300.00,'2025-10-05 08:30:00','2026-03-15 03:54:08','2025-08-18','VNU-CHS-2025-0003','VNU-ENG-2025-0003','2025-05-14'),(35,'VIN5A6B7C8D9E0F1',5,5,2,2026,'IN_STOCK','2026-02-18',1209550.00,'2026-02-18 04:15:00','2026-03-15 03:33:28','2026-01-12','VNA-CHS-2026-0003','VNA-ENG-2026-0003','2025-10-02'),(36,'VIN6A7B8C9D0E1F2',6,6,3,2025,'DEMO','2025-08-22',948600.00,'2025-08-22 10:50:00','2026-03-15 03:33:28','2025-06-28','I20-CHS-2025-0001','I20-ENG-2025-0001','2025-03-22'),(37,'VIN7A8B9C0D1E2F3',7,7,1,2026,'IN_STOCK','2026-03-01',3014100.00,'2026-03-01 04:30:00','2026-03-15 03:33:28','2025-12-10','TCS-CHS-2026-0002','TCS-ENG-2026-0002','2025-09-05'),(38,'VIN8A9B0C1D2E3F4',8,8,2,2026,'IN_STOCK','2026-03-05',3820750.00,'2026-03-05 05:45:00','2026-03-15 03:33:28','2026-01-28','I5N-CHS-2026-0003','I5N-ENG-2026-0003','2025-10-24'),(39,'VIN9A0B1C2D3E4F5',9,9,3,2025,'ALLOCATED','2025-11-12',627300.00,'2025-11-12 10:00:00','2026-03-15 03:54:08','2025-02-20','EXT-CHS-2025-0001','EXT-ENG-2025-0001','2024-11-30'),(40,'VIN0A1B2C3D4E5F6',10,1,1,2026,'IN_STOCK','2026-02-28',761600.00,'2026-02-28 03:40:00','2026-03-15 03:33:28','2025-12-28','EXT-CHS-2026-0005','EXT-ENG-2026-0005','2025-09-18'),(41,'VIN1B2C3D4E5F6G7',11,2,2,2025,'ALLOCATED','2025-12-05',613700.00,'2025-12-05 05:10:00','2026-03-15 03:33:28','2025-07-05','AUR-CHS-2025-0001','AUR-ENG-2025-0001','2025-04-08'),(42,'VIN2B3C4D5E6F7G8',12,3,3,2026,'IN_STOCK','2026-01-20',1700000.00,'2026-01-20 06:30:00','2026-03-15 03:33:28','2026-01-16','CRT-CHS-2026-0005','CRT-ENG-2026-0005','2025-10-12'),(43,'VIN3B4C5D6E7F8G9',1,4,1,2025,'SOLD','2025-09-30',923950.00,'2025-09-30 08:45:00','2026-03-15 03:33:28','2025-09-08','CRT-CHS-2025-0008','CRT-ENG-2025-0008','2025-06-10'),(44,'VIN4B5C6D7E8F9G0',2,5,2,2026,'IN_STOCK','2026-02-10',1615000.00,'2026-02-10 11:00:00','2026-03-15 03:33:28','2026-02-06','CRT-CHS-2026-0006','CRT-ENG-2026-0006','2025-11-02'),(45,'VIN5B6C7D8E9F0G1',3,6,3,2025,'DEMO','2025-08-15',759900.00,'2025-08-15 03:50:00','2026-03-15 03:33:28','2025-09-01','VNU-CHS-2025-0004','VNU-ENG-2025-0004','2025-05-28'),(46,'VIN6B7C8D9E0F1G2',4,7,1,2026,'IN_STOCK','2026-03-08',1120300.00,'2026-03-08 06:15:00','2026-03-15 03:33:28','2026-02-12','VNU-CHS-2026-0006','VNU-ENG-2026-0006','2025-11-08'),(47,'VIN7B8C9D0E1F2G3',5,8,2,2025,'SOLD','2025-10-25',1209550.00,'2025-10-25 04:40:00','2026-03-15 03:54:08','2025-02-15','VNA-CHS-2025-0002','VNA-ENG-2025-0002','2024-11-14'),(48,'VIN8B9C0D1E2F3G4',6,9,3,2026,'IN_STOCK','2026-01-15',948600.00,'2026-01-15 10:20:00','2026-03-15 03:33:28','2025-12-25','I20-CHS-2026-0001','I20-ENG-2026-0001','2025-09-22'),(49,'VIN9B0C1D2E3F4G5',7,1,1,2025,'SOLD','2025-11-05',3014100.00,'2025-11-05 07:55:00','2026-03-15 03:33:28','2025-09-22','TCS-CHS-2025-0005','TCS-ENG-2025-0005','2025-06-18'),(50,'VIN0B1C2D3E4F5G6',8,2,2,2026,'IN_STOCK','2026-02-22',3820750.00,'2026-02-22 04:35:00','2026-03-15 03:33:28','2026-02-20','I5N-CHS-2026-0004','I5N-ENG-2026-0004','2025-11-20'),(51,'VIN1C2D3E4F5G6H7',9,3,3,2025,'SOLD','2025-09-20',627300.00,'2025-09-20 09:10:00','2026-03-15 03:54:08','2025-04-08','EXT-CHS-2025-0002','EXT-ENG-2025-0002','2025-01-05'),(52,'VIN2C3D4E5F6G7H8',10,4,1,2026,'IN_STOCK','2026-03-12',761600.00,'2026-03-12 06:00:00','2026-03-15 03:33:28','2026-02-03','EXT-CHS-2026-0006','EXT-ENG-2026-0006','2025-10-28'),(53,'VIN3C4D5E6F7G8H9',11,5,2,2025,'SOLD','2025-08-30',613700.00,'2025-08-30 03:45:00','2026-03-15 03:33:28','2025-05-22','AUR-CHS-2025-0002','AUR-ENG-2025-0002','2025-02-20'),(54,'VIN4C5D6E7F8G9H0',12,6,3,2026,'IN_STOCK','2026-01-05',1700000.00,'2026-01-05 10:40:00','2026-03-15 03:33:28','2026-02-16','CRT-CHS-2026-0007','CRT-ENG-2026-0007','2025-11-10'),(55,'VIN5C6D7E8F9G0H1',1,7,1,2025,'DEMO','2025-07-28',923950.00,'2025-07-28 05:20:00','2026-03-15 03:33:28','2025-10-12','CRT-CHS-2025-0009','CRT-ENG-2025-0009','2025-07-05'),(56,'VIN6C7D8E9F0G1H2',2,8,2,2026,'IN_STOCK','2026-02-14',1615000.00,'2026-02-14 08:50:00','2026-03-15 03:33:28','2026-02-28','CRT-CHS-2026-0008','CRT-ENG-2026-0008','2025-12-02'),(57,'VIN7C8D9E0F1G2H3',3,9,3,2025,'SOLD','2025-10-18',759900.00,'2025-10-18 05:35:00','2026-03-15 03:54:08','2025-10-02','VNU-CHS-2025-0005','VNU-ENG-2025-0005','2025-06-22'),(58,'VIN8C9D0E1F2G3H4',4,1,1,2025,'SOLD','2025-11-25',1120300.00,'2025-11-25 10:15:00','2026-03-15 03:33:28','2025-10-18','VNU-CHS-2025-0006','VNU-ENG-2025-0006','2025-07-10'),(59,'VIN9C0D1E2F3G4H5',5,2,2,2026,'IN_STOCK','2026-03-10',1209550.00,'2026-03-10 04:00:00','2026-03-15 03:33:28','2026-02-24','VNA-CHS-2026-0004','VNA-ENG-2026-0004','2025-11-25'),(60,'VIN0C1D2E3F4G5H6',6,3,3,2025,'SOLD','2025-12-12',948600.00,'2025-12-12 07:45:00','2026-03-15 03:54:08','2025-07-15','I20-CHS-2025-0002','I20-ENG-2025-0002','2025-04-15'),(61,'VIN1D2E3F4G5H6I7',7,4,1,2026,'IN_STOCK','2026-01-28',3014100.00,'2026-01-28 05:10:00','2026-03-15 03:33:28','2026-01-25','TCS-CHS-2026-0003','TCS-ENG-2026-0003','2025-10-20'),(62,'VIN2D3E4F5G6H7I8',8,5,2,2025,'SOLD','2025-08-05',3820750.00,'2025-08-05 09:20:00','2026-03-15 03:33:28','2025-04-25','I5N-CHS-2025-0002','I5N-ENG-2025-0002','2025-01-28'),(63,'VIN3D4E5F6G7H8I9',9,6,3,2026,'IN_STOCK','2026-02-08',627300.00,'2026-02-08 05:50:00','2026-03-15 03:33:28','2026-02-17','EXT-CHS-2026-0007','EXT-ENG-2026-0007','2025-11-12'),(64,'VIN4D5E6F7G8H9I0',10,7,1,2025,'SOLD','2025-10-30',761600.00,'2025-10-30 03:30:00','2026-03-15 03:54:08','2025-05-05','EXT-CHS-2025-0003','EXT-ENG-2025-0003','2025-02-08'),(65,'VIN5D6E7F8G9H0I1',11,8,2,2026,'IN_STOCK','2026-03-02',613700.00,'2026-03-02 11:00:00','2026-03-15 03:33:28','2026-01-10','AUR-CHS-2026-0001','AUR-ENG-2026-0001','2025-10-08'),(66,'VIN6D7E8F9G0H1I2',12,9,3,2025,'SOLD','2025-09-18',1700000.00,'2025-09-18 04:45:00','2026-03-15 03:33:28','2025-11-10','CRT-CHS-2025-0010','CRT-ENG-2025-0010','2025-08-05'),(67,'VIN7D8E9F0G1H2I3',1,1,1,2026,'IN_STOCK','2026-01-12',923950.00,'2026-01-12 08:30:00','2026-03-15 03:33:28','2026-02-21','CRT-CHS-2026-0009','CRT-ENG-2026-0009','2025-11-18'),(68,'VIN8D9E0F1G2H3I4',2,2,2,2025,'DEMO','2025-11-08',1615000.00,'2025-11-08 06:15:00','2026-03-15 03:33:28','2025-11-28','CRT-CHS-2025-0011','CRT-ENG-2025-0011','2025-08-28'),(69,'VIN9D0E1F2G3H4I5',3,3,3,2026,'IN_STOCK','2026-02-25',759900.00,'2026-02-25 03:50:00','2026-03-15 03:33:28','2026-02-26','VNU-CHS-2026-0007','VNU-ENG-2026-0007','2025-11-28'),(70,'VIN0E1F2G3H4I5J6',4,4,1,2025,'SOLD','2025-12-20',1120300.00,'2025-12-20 09:40:00','2026-03-15 03:33:28','2025-10-28','VNU-CHS-2025-0007','VNU-ENG-2025-0007','2025-07-28'),(71,'VIN1F2G3H4I5J6K7',5,5,2,2026,'IN_STOCK','2026-03-14',1209550.00,'2026-03-14 05:00:00','2026-03-15 03:33:28','2026-03-01','VNA-CHS-2026-0005','VNA-ENG-2026-0005','2025-12-10'),(72,'VIN2F3G4H5I6J7K8',6,6,3,2025,'SOLD','2025-09-25',948600.00,'2025-09-25 08:10:00','2026-03-15 03:54:08','2025-08-12','I20-CHS-2025-0003','I20-ENG-2025-0003','2025-05-10'),(73,'VIN3F4G5H6I7J8K9',7,7,1,2026,'IN_STOCK','2026-01-22',3014100.00,'2026-01-22 04:20:00','2026-03-15 03:33:28','2026-02-05','TCS-CHS-2026-0004','TCS-ENG-2026-0004','2025-11-08'),(74,'VIN4F5G6H7I8J9K0',8,8,2,2025,'SOLD','2025-10-12',3820750.00,'2025-10-12 10:30:00','2026-03-15 03:33:28','2025-06-08','I5N-CHS-2025-0003','I5N-ENG-2025-0003','2025-03-02'),(75,'VIN5F6G7H8I9J0K1',9,9,3,2026,'IN_STOCK','2026-02-05',627300.00,'2026-02-05 05:45:00','2026-03-15 03:33:28','2026-03-02','EXT-CHS-2026-0008','EXT-ENG-2026-0008','2025-12-08'),(76,'VIN6F7G8H9I0J1K2',10,1,1,2025,'SOLD','2025-08-28',761600.00,'2025-08-28 09:00:00','2026-03-15 03:54:08','2025-06-15','EXT-CHS-2025-0004','EXT-ENG-2025-0004','2025-03-15'),(77,'VIN7F8G9H0I1J2K3',11,2,2,2026,'IN_STOCK','2026-03-11',613700.00,'2026-03-11 04:40:00','2026-03-15 03:33:28','2026-03-04','AUR-CHS-2026-0002','AUR-ENG-2026-0002','2025-12-05'),(78,'VIN8F9G0H1I2J3K4',12,3,3,2025,'SOLD','2025-11-22',1700000.00,'2025-11-22 10:20:00','2026-03-15 03:33:28','2025-12-05','CRT-CHS-2025-0012','CRT-ENG-2025-0012','2025-09-20'),(79,'VIN9F0G1H2I3J4K5',1,4,1,2026,'IN_STOCK','2026-01-18',923950.00,'2026-01-18 04:10:00','2026-03-15 03:33:28','2026-03-05','CRT-CHS-2026-0010','CRT-ENG-2026-0010','2025-12-15'),(80,'VIN0F1G2H3I4J5K6',2,5,2,2025,'SOLD','2025-12-08',1615000.00,'2025-12-08 06:50:00','2026-03-15 03:54:08','2025-12-08','CRT-CHS-2025-0013','CRT-ENG-2025-0013','2025-09-12'),(81,'VIN0000000010081',10,2,2,NULL,'IN_TRANSIT',NULL,NULL,'2026-03-10 03:30:00','2026-03-15 04:10:29','2026-03-20','EXT-CHS-2026-0030','EXT-ENG-2026-0030','2026-03-05'),(82,'VIN0000000010082',5,8,1,NULL,'IN_TRANSIT',NULL,NULL,'2026-03-11 05:00:00','2026-03-15 04:10:29','2026-03-22','VEN-CHS-2026-0015','VEN-ENG-2026-0015','2026-03-08'),(83,'VIN0000000010083',1,1,2,NULL,'IN_TRANSIT',NULL,NULL,'2026-03-12 08:45:00','2026-03-15 04:10:29','2026-03-25','CRT-CHS-2026-0045','CRT-ENG-2026-0045','2026-03-10'),(84,'VIN0000000010084',7,5,1,NULL,'IN_TRANSIT',NULL,NULL,'2026-03-13 05:30:00','2026-03-15 04:10:29','2026-03-28','TUC-CHS-2026-0005','TUC-ENG-2026-0005','2026-03-01'),(85,'VIN0000000010085',3,3,2,NULL,'IN_TRANSIT',NULL,NULL,'2026-03-14 11:15:00','2026-03-15 04:10:29','2026-03-21','I20-CHS-2026-0020','I20-ENG-2026-0020','2026-03-12'),(86,'VIN0000000010086',1,1,2,NULL,'IN_STOCK',NULL,NULL,'2026-03-08 03:30:00','2026-03-15 04:17:26','2026-03-10','CRT-CHS-2026-0099','CRT-ENG-2026-0099','2026-03-05'),(87,'VIN0000000010087',4,4,1,NULL,'IN_STOCK',NULL,NULL,'2026-02-05 05:00:00','2026-03-15 04:17:26','2026-02-10','VEN-CHS-2026-0088','VEN-ENG-2026-0088','2026-01-29'),(88,'VIN0000000010088',8,8,2,NULL,'IN_STOCK',NULL,NULL,'2026-01-05 08:45:00','2026-03-15 04:17:26','2026-01-15','TUC-CHS-2026-0077','TUC-ENG-2026-0077','2025-12-30'),(89,'VIN25HIST009',10,1,2,2024,'SOLD',NULL,1045000.00,'2026-03-15 06:16:37','2026-03-15 06:16:37','2024-12-01','CHA25HIST009','ENG25HIST009','2024-11-15'),(90,'VIN25HIST109',2,2,2,2024,'SOLD',NULL,1545000.00,'2026-03-15 06:16:37','2026-03-15 06:16:37','2024-12-01','CHA25HIST109','ENG25HIST109','2024-11-15'),(91,'VIN25HIST008',9,9,2,2024,'SOLD',NULL,1040000.00,'2026-03-15 06:16:37','2026-03-15 06:16:37','2024-12-01','CHA25HIST008','ENG25HIST008','2024-11-15'),(92,'VIN25HIST108',1,1,2,2024,'SOLD',NULL,1540000.00,'2026-03-15 06:16:37','2026-03-15 06:16:37','2024-12-01','CHA25HIST108','ENG25HIST108','2024-11-15'),(93,'VIN25HIST007',8,8,2,2024,'SOLD',NULL,1035000.00,'2026-03-15 06:16:37','2026-03-15 06:16:37','2024-12-01','CHA25HIST007','ENG25HIST007','2024-11-15'),(94,'VIN25HIST107',12,9,2,2024,'SOLD',NULL,1535000.00,'2026-03-15 06:16:37','2026-03-15 06:16:37','2024-12-01','CHA25HIST107','ENG25HIST107','2024-11-15'),(95,'VIN25HIST006',7,7,2,2024,'SOLD',NULL,1030000.00,'2026-03-15 06:16:37','2026-03-15 06:16:37','2024-12-01','CHA25HIST006','ENG25HIST006','2024-11-15'),(96,'VIN25HIST106',11,8,2,2024,'SOLD',NULL,1530000.00,'2026-03-15 06:16:37','2026-03-15 06:16:37','2024-12-01','CHA25HIST106','ENG25HIST106','2024-11-15'),(97,'VIN25HIST005',6,6,2,2024,'SOLD',NULL,1025000.00,'2026-03-15 06:16:37','2026-03-15 06:16:37','2024-12-01','CHA25HIST005','ENG25HIST005','2024-11-15'),(98,'VIN25HIST105',10,7,2,2024,'SOLD',NULL,1525000.00,'2026-03-15 06:16:37','2026-03-15 06:16:37','2024-12-01','CHA25HIST105','ENG25HIST105','2024-11-15'),(99,'VIN25HIST004',5,5,2,2024,'SOLD',NULL,1020000.00,'2026-03-15 06:16:37','2026-03-15 06:16:37','2024-12-01','CHA25HIST004','ENG25HIST004','2024-11-15'),(100,'VIN25HIST104',9,6,2,2024,'SOLD',NULL,1520000.00,'2026-03-15 06:16:37','2026-03-15 06:16:37','2024-12-01','CHA25HIST104','ENG25HIST104','2024-11-15'),(101,'VIN25HIST003',4,4,2,2024,'SOLD',NULL,1015000.00,'2026-03-15 06:16:37','2026-03-15 06:16:37','2024-12-01','CHA25HIST003','ENG25HIST003','2024-11-15'),(102,'VIN25HIST103',8,5,2,2024,'SOLD',NULL,1515000.00,'2026-03-15 06:16:37','2026-03-15 06:16:37','2024-12-01','CHA25HIST103','ENG25HIST103','2024-11-15'),(103,'VIN25HIST002',3,3,2,2024,'SOLD',NULL,1010000.00,'2026-03-15 06:16:37','2026-03-15 06:16:37','2024-12-01','CHA25HIST002','ENG25HIST002','2024-11-15'),(104,'VIN25HIST102',7,4,2,2024,'SOLD',NULL,1510000.00,'2026-03-15 06:16:37','2026-03-15 06:16:37','2024-12-01','CHA25HIST102','ENG25HIST102','2024-11-15'),(105,'VIN25HIST001',2,2,2,2024,'SOLD',NULL,1005000.00,'2026-03-15 06:16:37','2026-03-15 06:16:37','2024-12-01','CHA25HIST001','ENG25HIST001','2024-11-15'),(106,'VIN25HIST101',6,3,2,2024,'SOLD',NULL,1505000.00,'2026-03-15 06:16:37','2026-03-15 06:16:37','2024-12-01','CHA25HIST101','ENG25HIST101','2024-11-15'),(107,'VIN25HIST100',5,2,2,2024,'SOLD',NULL,1500000.00,'2026-03-15 06:16:37','2026-03-15 06:16:37','2024-12-01','CHA25HIST100','ENG25HIST100','2024-11-15'),(108,'VIN25HIST200',9,3,2,2024,'SOLD',NULL,2000000.00,'2026-03-15 06:16:37','2026-03-15 06:16:37','2024-12-01','CHA25HIST200','ENG25HIST200','2024-11-15'),(109,'VIN25HIST019',8,2,2,2024,'SOLD',NULL,1095000.00,'2026-03-15 06:16:37','2026-03-15 06:16:37','2024-12-01','CHA25HIST019','ENG25HIST019','2024-11-15'),(110,'VIN25HIST119',12,3,2,2024,'SOLD',NULL,1595000.00,'2026-03-15 06:16:37','2026-03-15 06:16:37','2024-12-01','CHA25HIST119','ENG25HIST119','2024-11-15'),(111,'VIN25HIST018',7,1,2,2024,'SOLD',NULL,1090000.00,'2026-03-15 06:16:37','2026-03-15 06:16:37','2024-12-01','CHA25HIST018','ENG25HIST018','2024-11-15'),(112,'VIN25HIST118',11,2,2,2024,'SOLD',NULL,1590000.00,'2026-03-15 06:16:37','2026-03-15 06:16:37','2024-12-01','CHA25HIST118','ENG25HIST118','2024-11-15'),(113,'VIN25HIST017',6,9,2,2024,'SOLD',NULL,1085000.00,'2026-03-15 06:16:37','2026-03-15 06:16:37','2024-12-01','CHA25HIST017','ENG25HIST017','2024-11-15'),(114,'VIN25HIST117',10,1,2,2024,'SOLD',NULL,1585000.00,'2026-03-15 06:16:37','2026-03-15 06:16:37','2024-12-01','CHA25HIST117','ENG25HIST117','2024-11-15'),(115,'VIN25HIST016',5,8,2,2024,'SOLD',NULL,1080000.00,'2026-03-15 06:16:37','2026-03-15 06:16:37','2024-12-01','CHA25HIST016','ENG25HIST016','2024-11-15'),(116,'VIN25HIST116',9,9,2,2024,'SOLD',NULL,1580000.00,'2026-03-15 06:16:37','2026-03-15 06:16:37','2024-12-01','CHA25HIST116','ENG25HIST116','2024-11-15'),(117,'VIN25HIST015',4,7,2,2024,'SOLD',NULL,1075000.00,'2026-03-15 06:16:37','2026-03-15 06:16:37','2024-12-01','CHA25HIST015','ENG25HIST015','2024-11-15'),(118,'VIN25HIST115',8,8,2,2024,'SOLD',NULL,1575000.00,'2026-03-15 06:16:37','2026-03-15 06:16:37','2024-12-01','CHA25HIST115','ENG25HIST115','2024-11-15'),(119,'VIN25HIST014',3,6,2,2024,'SOLD',NULL,1070000.00,'2026-03-15 06:16:37','2026-03-15 06:16:37','2024-12-01','CHA25HIST014','ENG25HIST014','2024-11-15'),(120,'VIN25HIST114',7,7,2,2024,'SOLD',NULL,1570000.00,'2026-03-15 06:16:37','2026-03-15 06:16:37','2024-12-01','CHA25HIST114','ENG25HIST114','2024-11-15'),(121,'VIN25HIST013',2,5,2,2024,'SOLD',NULL,1065000.00,'2026-03-15 06:16:37','2026-03-15 06:16:37','2024-12-01','CHA25HIST013','ENG25HIST013','2024-11-15'),(122,'VIN25HIST113',6,6,2,2024,'SOLD',NULL,1565000.00,'2026-03-15 06:16:37','2026-03-15 06:16:37','2024-12-01','CHA25HIST113','ENG25HIST113','2024-11-15'),(123,'VIN25HIST012',1,4,2,2024,'SOLD',NULL,1060000.00,'2026-03-15 06:16:37','2026-03-15 06:16:37','2024-12-01','CHA25HIST012','ENG25HIST012','2024-11-15'),(124,'VIN25HIST112',5,5,2,2024,'SOLD',NULL,1560000.00,'2026-03-15 06:16:37','2026-03-15 06:16:37','2024-12-01','CHA25HIST112','ENG25HIST112','2024-11-15'),(125,'VIN25HIST011',12,3,2,2024,'SOLD',NULL,1055000.00,'2026-03-15 06:16:37','2026-03-15 06:16:37','2024-12-01','CHA25HIST011','ENG25HIST011','2024-11-15'),(126,'VIN25HIST111',4,4,2,2024,'SOLD',NULL,1555000.00,'2026-03-15 06:16:37','2026-03-15 06:16:37','2024-12-01','CHA25HIST111','ENG25HIST111','2024-11-15'),(127,'VIN25HIST010',11,2,2,2024,'SOLD',NULL,1050000.00,'2026-03-15 06:16:37','2026-03-15 06:16:37','2024-12-01','CHA25HIST010','ENG25HIST010','2024-11-15'),(128,'VIN25HIST110',3,3,2,2024,'SOLD',NULL,1550000.00,'2026-03-15 06:16:37','2026-03-15 06:16:37','2024-12-01','CHA25HIST110','ENG25HIST110','2024-11-15'),(129,'VIN25HIST029',6,3,2,2024,'SOLD',NULL,1145000.00,'2026-03-15 06:16:37','2026-03-15 06:16:37','2024-12-01','CHA25HIST029','ENG25HIST029','2024-11-15'),(130,'VIN25HIST129',10,4,2,2024,'SOLD',NULL,1645000.00,'2026-03-15 06:16:37','2026-03-15 06:16:37','2024-12-01','CHA25HIST129','ENG25HIST129','2024-11-15'),(131,'VIN25HIST028',5,2,2,2024,'SOLD',NULL,1140000.00,'2026-03-15 06:16:37','2026-03-15 06:16:37','2024-12-01','CHA25HIST028','ENG25HIST028','2024-11-15'),(132,'VIN25HIST128',9,3,2,2024,'SOLD',NULL,1640000.00,'2026-03-15 06:16:37','2026-03-15 06:16:37','2024-12-01','CHA25HIST128','ENG25HIST128','2024-11-15'),(133,'VIN25HIST027',4,1,2,2024,'SOLD',NULL,1135000.00,'2026-03-15 06:16:37','2026-03-15 06:16:37','2024-12-01','CHA25HIST027','ENG25HIST027','2024-11-15'),(134,'VIN25HIST127',8,2,2,2024,'SOLD',NULL,1635000.00,'2026-03-15 06:16:37','2026-03-15 06:16:37','2024-12-01','CHA25HIST127','ENG25HIST127','2024-11-15'),(135,'VIN25HIST026',3,9,2,2024,'SOLD',NULL,1130000.00,'2026-03-15 06:16:37','2026-03-15 06:16:37','2024-12-01','CHA25HIST026','ENG25HIST026','2024-11-15'),(136,'VIN25HIST126',7,1,2,2024,'SOLD',NULL,1630000.00,'2026-03-15 06:16:37','2026-03-15 06:16:37','2024-12-01','CHA25HIST126','ENG25HIST126','2024-11-15'),(137,'VIN25HIST025',2,8,2,2024,'SOLD',NULL,1125000.00,'2026-03-15 06:16:37','2026-03-15 06:16:37','2024-12-01','CHA25HIST025','ENG25HIST025','2024-11-15'),(138,'VIN25HIST125',6,9,2,2024,'SOLD',NULL,1625000.00,'2026-03-15 06:16:37','2026-03-15 06:16:37','2024-12-01','CHA25HIST125','ENG25HIST125','2024-11-15'),(139,'VIN25HIST024',1,7,2,2024,'SOLD',NULL,1120000.00,'2026-03-15 06:16:37','2026-03-15 06:16:37','2024-12-01','CHA25HIST024','ENG25HIST024','2024-11-15'),(140,'VIN25HIST124',5,8,2,2024,'SOLD',NULL,1620000.00,'2026-03-15 06:16:37','2026-03-15 06:16:37','2024-12-01','CHA25HIST124','ENG25HIST124','2024-11-15'),(141,'VIN25HIST023',12,6,2,2024,'SOLD',NULL,1115000.00,'2026-03-15 06:16:37','2026-03-15 06:16:37','2024-12-01','CHA25HIST023','ENG25HIST023','2024-11-15'),(142,'VIN25HIST123',4,7,2,2024,'SOLD',NULL,1615000.00,'2026-03-15 06:16:37','2026-03-15 06:16:37','2024-12-01','CHA25HIST123','ENG25HIST123','2024-11-15'),(143,'VIN25HIST022',11,5,2,2024,'SOLD',NULL,1110000.00,'2026-03-15 06:16:37','2026-03-15 06:16:37','2024-12-01','CHA25HIST022','ENG25HIST022','2024-11-15'),(144,'VIN25HIST122',3,6,2,2024,'SOLD',NULL,1610000.00,'2026-03-15 06:16:37','2026-03-15 06:16:37','2024-12-01','CHA25HIST122','ENG25HIST122','2024-11-15'),(145,'VIN25HIST021',10,4,2,2024,'SOLD',NULL,1105000.00,'2026-03-15 06:16:37','2026-03-15 06:16:37','2024-12-01','CHA25HIST021','ENG25HIST021','2024-11-15'),(146,'VIN25HIST121',2,5,2,2024,'SOLD',NULL,1605000.00,'2026-03-15 06:16:37','2026-03-15 06:16:37','2024-12-01','CHA25HIST121','ENG25HIST121','2024-11-15'),(147,'VIN25HIST020',9,3,2,2024,'SOLD',NULL,1100000.00,'2026-03-15 06:16:37','2026-03-15 06:16:37','2024-12-01','CHA25HIST020','ENG25HIST020','2024-11-15'),(148,'VIN25HIST120',1,4,2,2024,'SOLD',NULL,1600000.00,'2026-03-15 06:16:37','2026-03-15 06:16:37','2024-12-01','CHA25HIST120','ENG25HIST120','2024-11-15'),(149,'VIN25HIST039',4,4,2,2024,'SOLD',NULL,1195000.00,'2026-03-15 06:16:37','2026-03-15 06:16:37','2024-12-01','CHA25HIST039','ENG25HIST039','2024-11-15'),(150,'VIN25HIST139',8,5,2,2024,'SOLD',NULL,1695000.00,'2026-03-15 06:16:37','2026-03-15 06:16:37','2024-12-01','CHA25HIST139','ENG25HIST139','2024-11-15'),(151,'VIN25HIST038',3,3,2,2024,'SOLD',NULL,1190000.00,'2026-03-15 06:16:37','2026-03-15 06:16:37','2024-12-01','CHA25HIST038','ENG25HIST038','2024-11-15'),(152,'VIN25HIST138',7,4,2,2024,'SOLD',NULL,1690000.00,'2026-03-15 06:16:37','2026-03-15 06:16:37','2024-12-01','CHA25HIST138','ENG25HIST138','2024-11-15'),(153,'VIN25HIST037',2,2,2,2024,'SOLD',NULL,1185000.00,'2026-03-15 06:16:37','2026-03-15 06:16:37','2024-12-01','CHA25HIST037','ENG25HIST037','2024-11-15'),(154,'VIN25HIST137',6,3,2,2024,'SOLD',NULL,1685000.00,'2026-03-15 06:16:37','2026-03-15 06:16:37','2024-12-01','CHA25HIST137','ENG25HIST137','2024-11-15'),(155,'VIN25HIST036',1,1,2,2024,'SOLD',NULL,1180000.00,'2026-03-15 06:16:37','2026-03-15 06:16:37','2024-12-01','CHA25HIST036','ENG25HIST036','2024-11-15'),(156,'VIN25HIST136',5,2,2,2024,'SOLD',NULL,1680000.00,'2026-03-15 06:16:37','2026-03-15 06:16:37','2024-12-01','CHA25HIST136','ENG25HIST136','2024-11-15'),(157,'VIN25HIST035',12,9,2,2024,'SOLD',NULL,1175000.00,'2026-03-15 06:16:37','2026-03-15 06:16:37','2024-12-01','CHA25HIST035','ENG25HIST035','2024-11-15'),(158,'VIN25HIST135',4,1,2,2024,'SOLD',NULL,1675000.00,'2026-03-15 06:16:37','2026-03-15 06:16:37','2024-12-01','CHA25HIST135','ENG25HIST135','2024-11-15'),(159,'VIN25HIST034',11,8,2,2024,'SOLD',NULL,1170000.00,'2026-03-15 06:16:37','2026-03-15 06:16:37','2024-12-01','CHA25HIST034','ENG25HIST034','2024-11-15'),(160,'VIN25HIST134',3,9,2,2024,'SOLD',NULL,1670000.00,'2026-03-15 06:16:37','2026-03-15 06:16:37','2024-12-01','CHA25HIST134','ENG25HIST134','2024-11-15'),(161,'VIN25HIST033',10,7,2,2024,'SOLD',NULL,1165000.00,'2026-03-15 06:16:37','2026-03-15 06:16:37','2024-12-01','CHA25HIST033','ENG25HIST033','2024-11-15'),(162,'VIN25HIST133',2,8,2,2024,'SOLD',NULL,1665000.00,'2026-03-15 06:16:37','2026-03-15 06:16:37','2024-12-01','CHA25HIST133','ENG25HIST133','2024-11-15'),(163,'VIN25HIST032',9,6,2,2024,'SOLD',NULL,1160000.00,'2026-03-15 06:16:37','2026-03-15 06:16:37','2024-12-01','CHA25HIST032','ENG25HIST032','2024-11-15'),(164,'VIN25HIST132',1,7,2,2024,'SOLD',NULL,1660000.00,'2026-03-15 06:16:37','2026-03-15 06:16:37','2024-12-01','CHA25HIST132','ENG25HIST132','2024-11-15'),(165,'VIN25HIST031',8,5,2,2024,'SOLD',NULL,1155000.00,'2026-03-15 06:16:37','2026-03-15 06:16:37','2024-12-01','CHA25HIST031','ENG25HIST031','2024-11-15'),(166,'VIN25HIST131',12,6,2,2024,'SOLD',NULL,1655000.00,'2026-03-15 06:16:37','2026-03-15 06:16:37','2024-12-01','CHA25HIST131','ENG25HIST131','2024-11-15'),(167,'VIN25HIST030',7,4,2,2024,'SOLD',NULL,1150000.00,'2026-03-15 06:16:37','2026-03-15 06:16:37','2024-12-01','CHA25HIST030','ENG25HIST030','2024-11-15'),(168,'VIN25HIST130',11,5,2,2024,'SOLD',NULL,1650000.00,'2026-03-15 06:16:37','2026-03-15 06:16:37','2024-12-01','CHA25HIST130','ENG25HIST130','2024-11-15'),(169,'VIN25HIST049',2,5,2,2024,'SOLD',NULL,1245000.00,'2026-03-15 06:16:37','2026-03-15 06:16:37','2024-12-01','CHA25HIST049','ENG25HIST049','2024-11-15'),(170,'VIN25HIST149',6,6,2,2024,'SOLD',NULL,1745000.00,'2026-03-15 06:16:37','2026-03-15 06:16:37','2024-12-01','CHA25HIST149','ENG25HIST149','2024-11-15'),(171,'VIN25HIST048',1,4,2,2024,'SOLD',NULL,1240000.00,'2026-03-15 06:16:37','2026-03-15 06:16:37','2024-12-01','CHA25HIST048','ENG25HIST048','2024-11-15'),(172,'VIN25HIST148',5,5,2,2024,'SOLD',NULL,1740000.00,'2026-03-15 06:16:37','2026-03-15 06:16:37','2024-12-01','CHA25HIST148','ENG25HIST148','2024-11-15'),(173,'VIN25HIST047',12,3,2,2024,'SOLD',NULL,1235000.00,'2026-03-15 06:16:37','2026-03-15 06:16:37','2024-12-01','CHA25HIST047','ENG25HIST047','2024-11-15'),(174,'VIN25HIST147',4,4,2,2024,'SOLD',NULL,1735000.00,'2026-03-15 06:16:37','2026-03-15 06:16:37','2024-12-01','CHA25HIST147','ENG25HIST147','2024-11-15'),(175,'VIN25HIST046',11,2,2,2024,'SOLD',NULL,1230000.00,'2026-03-15 06:16:37','2026-03-15 06:16:37','2024-12-01','CHA25HIST046','ENG25HIST046','2024-11-15'),(176,'VIN25HIST146',3,3,2,2024,'SOLD',NULL,1730000.00,'2026-03-15 06:16:37','2026-03-15 06:16:37','2024-12-01','CHA25HIST146','ENG25HIST146','2024-11-15'),(177,'VIN25HIST045',10,1,2,2024,'SOLD',NULL,1225000.00,'2026-03-15 06:16:37','2026-03-15 06:16:37','2024-12-01','CHA25HIST045','ENG25HIST045','2024-11-15'),(178,'VIN25HIST145',2,2,2,2024,'SOLD',NULL,1725000.00,'2026-03-15 06:16:37','2026-03-15 06:16:37','2024-12-01','CHA25HIST145','ENG25HIST145','2024-11-15'),(179,'VIN25HIST044',9,9,2,2024,'SOLD',NULL,1220000.00,'2026-03-15 06:16:37','2026-03-15 06:16:37','2024-12-01','CHA25HIST044','ENG25HIST044','2024-11-15'),(180,'VIN25HIST144',1,1,2,2024,'SOLD',NULL,1720000.00,'2026-03-15 06:16:37','2026-03-15 06:16:37','2024-12-01','CHA25HIST144','ENG25HIST144','2024-11-15'),(181,'VIN25HIST043',8,8,2,2024,'SOLD',NULL,1215000.00,'2026-03-15 06:16:37','2026-03-15 06:16:37','2024-12-01','CHA25HIST043','ENG25HIST043','2024-11-15'),(182,'VIN25HIST143',12,9,2,2024,'SOLD',NULL,1715000.00,'2026-03-15 06:16:37','2026-03-15 06:16:37','2024-12-01','CHA25HIST143','ENG25HIST143','2024-11-15'),(183,'VIN25HIST042',7,7,2,2024,'SOLD',NULL,1210000.00,'2026-03-15 06:16:37','2026-03-15 06:16:37','2024-12-01','CHA25HIST042','ENG25HIST042','2024-11-15'),(184,'VIN25HIST142',11,8,2,2024,'SOLD',NULL,1710000.00,'2026-03-15 06:16:37','2026-03-15 06:16:37','2024-12-01','CHA25HIST142','ENG25HIST142','2024-11-15'),(185,'VIN25HIST041',6,6,2,2024,'SOLD',NULL,1205000.00,'2026-03-15 06:16:37','2026-03-15 06:16:37','2024-12-01','CHA25HIST041','ENG25HIST041','2024-11-15'),(186,'VIN25HIST141',10,7,2,2024,'SOLD',NULL,1705000.00,'2026-03-15 06:16:37','2026-03-15 06:16:37','2024-12-01','CHA25HIST141','ENG25HIST141','2024-11-15'),(187,'VIN25HIST040',5,5,2,2024,'SOLD',NULL,1200000.00,'2026-03-15 06:16:37','2026-03-15 06:16:37','2024-12-01','CHA25HIST040','ENG25HIST040','2024-11-15'),(188,'VIN25HIST140',9,6,2,2024,'SOLD',NULL,1700000.00,'2026-03-15 06:16:37','2026-03-15 06:16:37','2024-12-01','CHA25HIST140','ENG25HIST140','2024-11-15'),(189,'VIN25HIST059',12,6,2,2024,'SOLD',NULL,1295000.00,'2026-03-15 06:16:37','2026-03-15 06:16:37','2024-12-01','CHA25HIST059','ENG25HIST059','2024-11-15'),(190,'VIN25HIST159',4,7,2,2024,'SOLD',NULL,1795000.00,'2026-03-15 06:16:37','2026-03-15 06:16:37','2024-12-01','CHA25HIST159','ENG25HIST159','2024-11-15'),(191,'VIN25HIST058',11,5,2,2024,'SOLD',NULL,1290000.00,'2026-03-15 06:16:37','2026-03-15 06:16:37','2024-12-01','CHA25HIST058','ENG25HIST058','2024-11-15'),(192,'VIN25HIST158',3,6,2,2024,'SOLD',NULL,1790000.00,'2026-03-15 06:16:37','2026-03-15 06:16:37','2024-12-01','CHA25HIST158','ENG25HIST158','2024-11-15'),(193,'VIN25HIST057',10,4,2,2024,'SOLD',NULL,1285000.00,'2026-03-15 06:16:37','2026-03-15 06:16:37','2024-12-01','CHA25HIST057','ENG25HIST057','2024-11-15'),(194,'VIN25HIST157',2,5,2,2024,'SOLD',NULL,1785000.00,'2026-03-15 06:16:37','2026-03-15 06:16:37','2024-12-01','CHA25HIST157','ENG25HIST157','2024-11-15'),(195,'VIN25HIST056',9,3,2,2024,'SOLD',NULL,1280000.00,'2026-03-15 06:16:37','2026-03-15 06:16:37','2024-12-01','CHA25HIST056','ENG25HIST056','2024-11-15'),(196,'VIN25HIST156',1,4,2,2024,'SOLD',NULL,1780000.00,'2026-03-15 06:16:37','2026-03-15 06:16:37','2024-12-01','CHA25HIST156','ENG25HIST156','2024-11-15'),(197,'VIN25HIST055',8,2,2,2024,'SOLD',NULL,1275000.00,'2026-03-15 06:16:37','2026-03-15 06:16:37','2024-12-01','CHA25HIST055','ENG25HIST055','2024-11-15'),(198,'VIN25HIST155',12,3,2,2024,'SOLD',NULL,1775000.00,'2026-03-15 06:16:37','2026-03-15 06:16:37','2024-12-01','CHA25HIST155','ENG25HIST155','2024-11-15'),(199,'VIN25HIST054',7,1,2,2024,'SOLD',NULL,1270000.00,'2026-03-15 06:16:37','2026-03-15 06:16:37','2024-12-01','CHA25HIST054','ENG25HIST054','2024-11-15'),(200,'VIN25HIST154',11,2,2,2024,'SOLD',NULL,1770000.00,'2026-03-15 06:16:37','2026-03-15 06:16:37','2024-12-01','CHA25HIST154','ENG25HIST154','2024-11-15'),(201,'VIN25HIST053',6,9,2,2024,'SOLD',NULL,1265000.00,'2026-03-15 06:16:37','2026-03-15 06:16:37','2024-12-01','CHA25HIST053','ENG25HIST053','2024-11-15'),(202,'VIN25HIST153',10,1,2,2024,'SOLD',NULL,1765000.00,'2026-03-15 06:16:37','2026-03-15 06:16:37','2024-12-01','CHA25HIST153','ENG25HIST153','2024-11-15'),(203,'VIN25HIST052',5,8,2,2024,'SOLD',NULL,1260000.00,'2026-03-15 06:16:37','2026-03-15 06:16:37','2024-12-01','CHA25HIST052','ENG25HIST052','2024-11-15'),(204,'VIN25HIST152',9,9,2,2024,'SOLD',NULL,1760000.00,'2026-03-15 06:16:37','2026-03-15 06:16:37','2024-12-01','CHA25HIST152','ENG25HIST152','2024-11-15'),(205,'VIN25HIST051',4,7,2,2024,'SOLD',NULL,1255000.00,'2026-03-15 06:16:37','2026-03-15 06:16:37','2024-12-01','CHA25HIST051','ENG25HIST051','2024-11-15'),(206,'VIN25HIST151',8,8,2,2024,'SOLD',NULL,1755000.00,'2026-03-15 06:16:37','2026-03-15 06:16:37','2024-12-01','CHA25HIST151','ENG25HIST151','2024-11-15'),(207,'VIN25HIST050',3,6,2,2024,'SOLD',NULL,1250000.00,'2026-03-15 06:16:37','2026-03-15 06:16:37','2024-12-01','CHA25HIST050','ENG25HIST050','2024-11-15'),(208,'VIN25HIST150',7,7,2,2024,'SOLD',NULL,1750000.00,'2026-03-15 06:16:37','2026-03-15 06:16:37','2024-12-01','CHA25HIST150','ENG25HIST150','2024-11-15'),(209,'VIN25HIST069',10,7,2,2024,'SOLD',NULL,1345000.00,'2026-03-15 06:16:37','2026-03-15 06:16:37','2024-12-01','CHA25HIST069','ENG25HIST069','2024-11-15'),(210,'VIN25HIST169',2,8,2,2024,'SOLD',NULL,1845000.00,'2026-03-15 06:16:37','2026-03-15 06:16:37','2024-12-01','CHA25HIST169','ENG25HIST169','2024-11-15'),(211,'VIN25HIST068',9,6,2,2024,'SOLD',NULL,1340000.00,'2026-03-15 06:16:37','2026-03-15 06:16:37','2024-12-01','CHA25HIST068','ENG25HIST068','2024-11-15'),(212,'VIN25HIST168',1,7,2,2024,'SOLD',NULL,1840000.00,'2026-03-15 06:16:37','2026-03-15 06:16:37','2024-12-01','CHA25HIST168','ENG25HIST168','2024-11-15'),(213,'VIN25HIST067',8,5,2,2024,'SOLD',NULL,1335000.00,'2026-03-15 06:16:37','2026-03-15 06:16:37','2024-12-01','CHA25HIST067','ENG25HIST067','2024-11-15'),(214,'VIN25HIST167',12,6,2,2024,'SOLD',NULL,1835000.00,'2026-03-15 06:16:37','2026-03-15 06:16:37','2024-12-01','CHA25HIST167','ENG25HIST167','2024-11-15'),(215,'VIN25HIST066',7,4,2,2024,'SOLD',NULL,1330000.00,'2026-03-15 06:16:37','2026-03-15 06:16:37','2024-12-01','CHA25HIST066','ENG25HIST066','2024-11-15'),(216,'VIN25HIST166',11,5,2,2024,'SOLD',NULL,1830000.00,'2026-03-15 06:16:37','2026-03-15 06:16:37','2024-12-01','CHA25HIST166','ENG25HIST166','2024-11-15'),(217,'VIN25HIST065',6,3,2,2024,'SOLD',NULL,1325000.00,'2026-03-15 06:16:37','2026-03-15 06:16:37','2024-12-01','CHA25HIST065','ENG25HIST065','2024-11-15'),(218,'VIN25HIST165',10,4,2,2024,'SOLD',NULL,1825000.00,'2026-03-15 06:16:37','2026-03-15 06:16:37','2024-12-01','CHA25HIST165','ENG25HIST165','2024-11-15'),(219,'VIN25HIST064',5,2,2,2024,'SOLD',NULL,1320000.00,'2026-03-15 06:16:37','2026-03-15 06:16:37','2024-12-01','CHA25HIST064','ENG25HIST064','2024-11-15'),(220,'VIN25HIST164',9,3,2,2024,'SOLD',NULL,1820000.00,'2026-03-15 06:16:37','2026-03-15 06:16:37','2024-12-01','CHA25HIST164','ENG25HIST164','2024-11-15'),(221,'VIN25HIST063',4,1,2,2024,'SOLD',NULL,1315000.00,'2026-03-15 06:16:37','2026-03-15 06:16:37','2024-12-01','CHA25HIST063','ENG25HIST063','2024-11-15'),(222,'VIN25HIST163',8,2,2,2024,'SOLD',NULL,1815000.00,'2026-03-15 06:16:37','2026-03-15 06:16:37','2024-12-01','CHA25HIST163','ENG25HIST163','2024-11-15'),(223,'VIN25HIST062',3,9,2,2024,'SOLD',NULL,1310000.00,'2026-03-15 06:16:37','2026-03-15 06:16:37','2024-12-01','CHA25HIST062','ENG25HIST062','2024-11-15'),(224,'VIN25HIST162',7,1,2,2024,'SOLD',NULL,1810000.00,'2026-03-15 06:16:37','2026-03-15 06:16:37','2024-12-01','CHA25HIST162','ENG25HIST162','2024-11-15'),(225,'VIN25HIST061',2,8,2,2024,'SOLD',NULL,1305000.00,'2026-03-15 06:16:37','2026-03-15 06:16:37','2024-12-01','CHA25HIST061','ENG25HIST061','2024-11-15'),(226,'VIN25HIST161',6,9,2,2024,'SOLD',NULL,1805000.00,'2026-03-15 06:16:37','2026-03-15 06:16:37','2024-12-01','CHA25HIST161','ENG25HIST161','2024-11-15'),(227,'VIN25HIST060',1,7,2,2024,'SOLD',NULL,1300000.00,'2026-03-15 06:16:37','2026-03-15 06:16:37','2024-12-01','CHA25HIST060','ENG25HIST060','2024-11-15'),(228,'VIN25HIST160',5,8,2,2024,'SOLD',NULL,1800000.00,'2026-03-15 06:16:37','2026-03-15 06:16:37','2024-12-01','CHA25HIST160','ENG25HIST160','2024-11-15'),(229,'VIN25HIST079',8,8,2,2024,'SOLD',NULL,1395000.00,'2026-03-15 06:16:37','2026-03-15 06:16:37','2024-12-01','CHA25HIST079','ENG25HIST079','2024-11-15'),(230,'VIN25HIST179',12,9,2,2024,'SOLD',NULL,1895000.00,'2026-03-15 06:16:37','2026-03-15 06:16:37','2024-12-01','CHA25HIST179','ENG25HIST179','2024-11-15'),(231,'VIN25HIST078',7,7,2,2024,'SOLD',NULL,1390000.00,'2026-03-15 06:16:37','2026-03-15 06:16:37','2024-12-01','CHA25HIST078','ENG25HIST078','2024-11-15'),(232,'VIN25HIST178',11,8,2,2024,'SOLD',NULL,1890000.00,'2026-03-15 06:16:37','2026-03-15 06:16:37','2024-12-01','CHA25HIST178','ENG25HIST178','2024-11-15'),(233,'VIN25HIST077',6,6,2,2024,'SOLD',NULL,1385000.00,'2026-03-15 06:16:37','2026-03-15 06:16:37','2024-12-01','CHA25HIST077','ENG25HIST077','2024-11-15'),(234,'VIN25HIST177',10,7,2,2024,'SOLD',NULL,1885000.00,'2026-03-15 06:16:37','2026-03-15 06:16:37','2024-12-01','CHA25HIST177','ENG25HIST177','2024-11-15'),(235,'VIN25HIST076',5,5,2,2024,'SOLD',NULL,1380000.00,'2026-03-15 06:16:37','2026-03-15 06:16:37','2024-12-01','CHA25HIST076','ENG25HIST076','2024-11-15'),(236,'VIN25HIST176',9,6,2,2024,'SOLD',NULL,1880000.00,'2026-03-15 06:16:37','2026-03-15 06:16:37','2024-12-01','CHA25HIST176','ENG25HIST176','2024-11-15'),(237,'VIN25HIST075',4,4,2,2024,'SOLD',NULL,1375000.00,'2026-03-15 06:16:37','2026-03-15 06:16:37','2024-12-01','CHA25HIST075','ENG25HIST075','2024-11-15'),(238,'VIN25HIST175',8,5,2,2024,'SOLD',NULL,1875000.00,'2026-03-15 06:16:37','2026-03-15 06:16:37','2024-12-01','CHA25HIST175','ENG25HIST175','2024-11-15'),(239,'VIN25HIST074',3,3,2,2024,'SOLD',NULL,1370000.00,'2026-03-15 06:16:37','2026-03-15 06:16:37','2024-12-01','CHA25HIST074','ENG25HIST074','2024-11-15'),(240,'VIN25HIST174',7,4,2,2024,'SOLD',NULL,1870000.00,'2026-03-15 06:16:37','2026-03-15 06:16:37','2024-12-01','CHA25HIST174','ENG25HIST174','2024-11-15'),(241,'VIN25HIST073',2,2,2,2024,'SOLD',NULL,1365000.00,'2026-03-15 06:16:37','2026-03-15 06:16:37','2024-12-01','CHA25HIST073','ENG25HIST073','2024-11-15'),(242,'VIN25HIST173',6,3,2,2024,'SOLD',NULL,1865000.00,'2026-03-15 06:16:37','2026-03-15 06:16:37','2024-12-01','CHA25HIST173','ENG25HIST173','2024-11-15'),(243,'VIN25HIST072',1,1,2,2024,'SOLD',NULL,1360000.00,'2026-03-15 06:16:37','2026-03-15 06:16:37','2024-12-01','CHA25HIST072','ENG25HIST072','2024-11-15'),(244,'VIN25HIST172',5,2,2,2024,'SOLD',NULL,1860000.00,'2026-03-15 06:16:37','2026-03-15 06:16:37','2024-12-01','CHA25HIST172','ENG25HIST172','2024-11-15'),(245,'VIN25HIST071',12,9,2,2024,'SOLD',NULL,1355000.00,'2026-03-15 06:16:37','2026-03-15 06:16:37','2024-12-01','CHA25HIST071','ENG25HIST071','2024-11-15'),(246,'VIN25HIST171',4,1,2,2024,'SOLD',NULL,1855000.00,'2026-03-15 06:16:37','2026-03-15 06:16:37','2024-12-01','CHA25HIST171','ENG25HIST171','2024-11-15'),(247,'VIN25HIST070',11,8,2,2024,'SOLD',NULL,1350000.00,'2026-03-15 06:16:37','2026-03-15 06:16:37','2024-12-01','CHA25HIST070','ENG25HIST070','2024-11-15'),(248,'VIN25HIST170',3,9,2,2024,'SOLD',NULL,1850000.00,'2026-03-15 06:16:37','2026-03-15 06:16:37','2024-12-01','CHA25HIST170','ENG25HIST170','2024-11-15'),(249,'VIN25HIST089',6,9,2,2024,'SOLD',NULL,1445000.00,'2026-03-15 06:16:37','2026-03-15 06:16:37','2024-12-01','CHA25HIST089','ENG25HIST089','2024-11-15'),(250,'VIN25HIST189',10,1,2,2024,'SOLD',NULL,1945000.00,'2026-03-15 06:16:37','2026-03-15 06:16:37','2024-12-01','CHA25HIST189','ENG25HIST189','2024-11-15'),(251,'VIN25HIST088',5,8,2,2024,'SOLD',NULL,1440000.00,'2026-03-15 06:16:37','2026-03-15 06:16:37','2024-12-01','CHA25HIST088','ENG25HIST088','2024-11-15'),(252,'VIN25HIST188',9,9,2,2024,'SOLD',NULL,1940000.00,'2026-03-15 06:16:37','2026-03-15 06:16:37','2024-12-01','CHA25HIST188','ENG25HIST188','2024-11-15'),(253,'VIN25HIST087',4,7,2,2024,'SOLD',NULL,1435000.00,'2026-03-15 06:16:37','2026-03-15 06:16:37','2024-12-01','CHA25HIST087','ENG25HIST087','2024-11-15'),(254,'VIN25HIST187',8,8,2,2024,'SOLD',NULL,1935000.00,'2026-03-15 06:16:37','2026-03-15 06:16:37','2024-12-01','CHA25HIST187','ENG25HIST187','2024-11-15'),(255,'VIN25HIST086',3,6,2,2024,'SOLD',NULL,1430000.00,'2026-03-15 06:16:37','2026-03-15 06:16:37','2024-12-01','CHA25HIST086','ENG25HIST086','2024-11-15'),(256,'VIN25HIST186',7,7,2,2024,'SOLD',NULL,1930000.00,'2026-03-15 06:16:37','2026-03-15 06:16:37','2024-12-01','CHA25HIST186','ENG25HIST186','2024-11-15'),(257,'VIN25HIST085',2,5,2,2024,'SOLD',NULL,1425000.00,'2026-03-15 06:16:37','2026-03-15 06:16:37','2024-12-01','CHA25HIST085','ENG25HIST085','2024-11-15'),(258,'VIN25HIST185',6,6,2,2024,'SOLD',NULL,1925000.00,'2026-03-15 06:16:37','2026-03-15 06:16:37','2024-12-01','CHA25HIST185','ENG25HIST185','2024-11-15'),(259,'VIN25HIST084',1,4,2,2024,'SOLD',NULL,1420000.00,'2026-03-15 06:16:37','2026-03-15 06:16:37','2024-12-01','CHA25HIST084','ENG25HIST084','2024-11-15'),(260,'VIN25HIST184',5,5,2,2024,'SOLD',NULL,1920000.00,'2026-03-15 06:16:37','2026-03-15 06:16:37','2024-12-01','CHA25HIST184','ENG25HIST184','2024-11-15'),(261,'VIN25HIST083',12,3,2,2024,'SOLD',NULL,1415000.00,'2026-03-15 06:16:37','2026-03-15 06:16:37','2024-12-01','CHA25HIST083','ENG25HIST083','2024-11-15'),(262,'VIN25HIST183',4,4,2,2024,'SOLD',NULL,1915000.00,'2026-03-15 06:16:37','2026-03-15 06:16:37','2024-12-01','CHA25HIST183','ENG25HIST183','2024-11-15'),(263,'VIN25HIST082',11,2,2,2024,'SOLD',NULL,1410000.00,'2026-03-15 06:16:37','2026-03-15 06:16:37','2024-12-01','CHA25HIST082','ENG25HIST082','2024-11-15'),(264,'VIN25HIST182',3,3,2,2024,'SOLD',NULL,1910000.00,'2026-03-15 06:16:37','2026-03-15 06:16:37','2024-12-01','CHA25HIST182','ENG25HIST182','2024-11-15'),(265,'VIN25HIST081',10,1,2,2024,'SOLD',NULL,1405000.00,'2026-03-15 06:16:37','2026-03-15 06:16:37','2024-12-01','CHA25HIST081','ENG25HIST081','2024-11-15'),(266,'VIN25HIST181',2,2,2,2024,'SOLD',NULL,1905000.00,'2026-03-15 06:16:37','2026-03-15 06:16:37','2024-12-01','CHA25HIST181','ENG25HIST181','2024-11-15'),(267,'VIN25HIST080',9,9,2,2024,'SOLD',NULL,1400000.00,'2026-03-15 06:16:37','2026-03-15 06:16:37','2024-12-01','CHA25HIST080','ENG25HIST080','2024-11-15'),(268,'VIN25HIST180',1,1,2,2024,'SOLD',NULL,1900000.00,'2026-03-15 06:16:37','2026-03-15 06:16:37','2024-12-01','CHA25HIST180','ENG25HIST180','2024-11-15'),(269,'VIN25HIST099',4,1,2,2024,'SOLD',NULL,1495000.00,'2026-03-15 06:16:37','2026-03-15 06:16:37','2024-12-01','CHA25HIST099','ENG25HIST099','2024-11-15'),(270,'VIN25HIST199',8,2,2,2024,'SOLD',NULL,1995000.00,'2026-03-15 06:16:37','2026-03-15 06:16:37','2024-12-01','CHA25HIST199','ENG25HIST199','2024-11-15'),(271,'VIN25HIST098',3,9,2,2024,'SOLD',NULL,1490000.00,'2026-03-15 06:16:37','2026-03-15 06:16:37','2024-12-01','CHA25HIST098','ENG25HIST098','2024-11-15'),(272,'VIN25HIST198',7,1,2,2024,'SOLD',NULL,1990000.00,'2026-03-15 06:16:37','2026-03-15 06:16:37','2024-12-01','CHA25HIST198','ENG25HIST198','2024-11-15'),(273,'VIN25HIST097',2,8,2,2024,'SOLD',NULL,1485000.00,'2026-03-15 06:16:37','2026-03-15 06:16:37','2024-12-01','CHA25HIST097','ENG25HIST097','2024-11-15'),(274,'VIN25HIST197',6,9,2,2024,'SOLD',NULL,1985000.00,'2026-03-15 06:16:37','2026-03-15 06:16:37','2024-12-01','CHA25HIST197','ENG25HIST197','2024-11-15'),(275,'VIN25HIST096',1,7,2,2024,'SOLD',NULL,1480000.00,'2026-03-15 06:16:37','2026-03-15 06:16:37','2024-12-01','CHA25HIST096','ENG25HIST096','2024-11-15'),(276,'VIN25HIST196',5,8,2,2024,'SOLD',NULL,1980000.00,'2026-03-15 06:16:37','2026-03-15 06:16:37','2024-12-01','CHA25HIST196','ENG25HIST196','2024-11-15'),(277,'VIN25HIST095',12,6,2,2024,'SOLD',NULL,1475000.00,'2026-03-15 06:16:37','2026-03-15 06:16:37','2024-12-01','CHA25HIST095','ENG25HIST095','2024-11-15'),(278,'VIN25HIST195',4,7,2,2024,'SOLD',NULL,1975000.00,'2026-03-15 06:16:37','2026-03-15 06:16:37','2024-12-01','CHA25HIST195','ENG25HIST195','2024-11-15'),(279,'VIN25HIST094',11,5,2,2024,'SOLD',NULL,1470000.00,'2026-03-15 06:16:37','2026-03-15 06:16:37','2024-12-01','CHA25HIST094','ENG25HIST094','2024-11-15'),(280,'VIN25HIST194',3,6,2,2024,'SOLD',NULL,1970000.00,'2026-03-15 06:16:37','2026-03-15 06:16:37','2024-12-01','CHA25HIST194','ENG25HIST194','2024-11-15'),(281,'VIN25HIST093',10,4,2,2024,'SOLD',NULL,1465000.00,'2026-03-15 06:16:37','2026-03-15 06:16:37','2024-12-01','CHA25HIST093','ENG25HIST093','2024-11-15'),(282,'VIN25HIST193',2,5,2,2024,'SOLD',NULL,1965000.00,'2026-03-15 06:16:37','2026-03-15 06:16:37','2024-12-01','CHA25HIST193','ENG25HIST193','2024-11-15'),(283,'VIN25HIST092',9,3,2,2024,'SOLD',NULL,1460000.00,'2026-03-15 06:16:37','2026-03-15 06:16:37','2024-12-01','CHA25HIST092','ENG25HIST092','2024-11-15'),(284,'VIN25HIST192',1,4,2,2024,'SOLD',NULL,1960000.00,'2026-03-15 06:16:37','2026-03-15 06:16:37','2024-12-01','CHA25HIST192','ENG25HIST192','2024-11-15'),(285,'VIN25HIST091',8,2,2,2024,'SOLD',NULL,1455000.00,'2026-03-15 06:16:37','2026-03-15 06:16:37','2024-12-01','CHA25HIST091','ENG25HIST091','2024-11-15'),(286,'VIN25HIST191',12,3,2,2024,'SOLD',NULL,1955000.00,'2026-03-15 06:16:37','2026-03-15 06:16:37','2024-12-01','CHA25HIST191','ENG25HIST191','2024-11-15'),(287,'VIN25HIST090',7,1,2,2024,'SOLD',NULL,1450000.00,'2026-03-15 06:16:37','2026-03-15 06:16:37','2024-12-01','CHA25HIST090','ENG25HIST090','2024-11-15'),(288,'VIN25HIST190',11,2,2,2024,'SOLD',NULL,1950000.00,'2026-03-15 06:16:37','2026-03-15 06:16:37','2024-12-01','CHA25HIST190','ENG25HIST190','2024-11-15');
/*!40000 ALTER TABLE `vehicles` ENABLE KEYS */;
UNLOCK TABLES;

--
-- Dumping routines for database 'hyundai_dms'
--
/*!50003 DROP PROCEDURE IF EXISTS `GetBookingsByModelCount` */;
/*!50003 SET @saved_cs_client      = @@character_set_client */ ;
/*!50003 SET @saved_cs_results     = @@character_set_results */ ;
/*!50003 SET @saved_col_connection = @@collation_connection */ ;
/*!50003 SET character_set_client  = utf8mb4 */ ;
/*!50003 SET character_set_results = utf8mb4 */ ;
/*!50003 SET collation_connection  = utf8mb4_0900_ai_ci */ ;
/*!50003 SET @saved_sql_mode       = @@sql_mode */ ;
/*!50003 SET sql_mode              = 'ONLY_FULL_GROUP_BY,STRICT_TRANS_TABLES,NO_ZERO_IN_DATE,NO_ZERO_DATE,ERROR_FOR_DIVISION_BY_ZERO,NO_ENGINE_SUBSTITUTION' */ ;
DELIMITER ;;
CREATE DEFINER=`root`@`localhost` PROCEDURE `GetBookingsByModelCount`(IN p_year INT, IN p_month INT)
BEGIN
    SELECT m.model_name, COUNT(b.id) as booking_count, SUM(b.ex_showroom) as total_revenue
    FROM bookings b
    JOIN vehicle_variants vv ON b.variant_id = vv.id
    JOIN vehicle_models m ON vv.model_id = m.id
    WHERE (p_year IS NULL OR YEAR(b.created_at) = p_year)
      AND (p_month IS NULL OR MONTH(b.created_at) = p_month)
    GROUP BY m.model_name
    ORDER BY COUNT(b.id) DESC;
END ;;
DELIMITER ;
/*!50003 SET sql_mode              = @saved_sql_mode */ ;
/*!50003 SET character_set_client  = @saved_cs_client */ ;
/*!50003 SET character_set_results = @saved_cs_results */ ;
/*!50003 SET collation_connection  = @saved_col_connection */ ;
/*!50003 DROP PROCEDURE IF EXISTS `GetInventoryStatusSummary` */;
/*!50003 SET @saved_cs_client      = @@character_set_client */ ;
/*!50003 SET @saved_cs_results     = @@character_set_results */ ;
/*!50003 SET @saved_col_connection = @@collation_connection */ ;
/*!50003 SET character_set_client  = utf8mb4 */ ;
/*!50003 SET character_set_results = utf8mb4 */ ;
/*!50003 SET collation_connection  = utf8mb4_0900_ai_ci */ ;
/*!50003 SET @saved_sql_mode       = @@sql_mode */ ;
/*!50003 SET sql_mode              = 'ONLY_FULL_GROUP_BY,STRICT_TRANS_TABLES,NO_ZERO_IN_DATE,NO_ZERO_DATE,ERROR_FOR_DIVISION_BY_ZERO,NO_ENGINE_SUBSTITUTION' */ ;
DELIMITER ;;
CREATE DEFINER=`root`@`localhost` PROCEDURE `GetInventoryStatusSummary`(IN p_year INT, IN p_month INT)
BEGIN
    -- If no year/month provided, show global inventory status (useful for stock count)
    SELECT v.status, COUNT(v.id), SUM(v.dealer_cost)
    FROM vehicles v
    WHERE (p_year IS NULL OR YEAR(v.created_at) <= p_year)
      AND (p_month IS NULL OR (p_year < YEAR(CURRENT_DATE) OR MONTH(v.created_at) <= p_month OR p_year IS NULL))
    GROUP BY v.status;
END ;;
DELIMITER ;
/*!50003 SET sql_mode              = @saved_sql_mode */ ;
/*!50003 SET character_set_client  = @saved_cs_client */ ;
/*!50003 SET character_set_results = @saved_cs_results */ ;
/*!50003 SET collation_connection  = @saved_col_connection */ ;
/*!50003 DROP PROCEDURE IF EXISTS `GetLeadFunnelCounts` */;
/*!50003 SET @saved_cs_client      = @@character_set_client */ ;
/*!50003 SET @saved_cs_results     = @@character_set_results */ ;
/*!50003 SET @saved_col_connection = @@collation_connection */ ;
/*!50003 SET character_set_client  = utf8mb4 */ ;
/*!50003 SET character_set_results = utf8mb4 */ ;
/*!50003 SET collation_connection  = utf8mb4_0900_ai_ci */ ;
/*!50003 SET @saved_sql_mode       = @@sql_mode */ ;
/*!50003 SET sql_mode              = 'ONLY_FULL_GROUP_BY,STRICT_TRANS_TABLES,NO_ZERO_IN_DATE,NO_ZERO_DATE,ERROR_FOR_DIVISION_BY_ZERO,NO_ENGINE_SUBSTITUTION' */ ;
DELIMITER ;;
CREATE DEFINER=`root`@`localhost` PROCEDURE `GetLeadFunnelCounts`(IN p_year INT, IN p_month INT)
BEGIN
    SELECT l.status, COUNT(l.id)
    FROM leads l
    WHERE (p_year IS NULL OR YEAR(l.created_at) = p_year)
      AND (p_month IS NULL OR MONTH(l.created_at) = p_month)
    GROUP BY l.status;
END ;;
DELIMITER ;
/*!50003 SET sql_mode              = @saved_sql_mode */ ;
/*!50003 SET character_set_client  = @saved_cs_client */ ;
/*!50003 SET character_set_results = @saved_cs_results */ ;
/*!50003 SET collation_connection  = @saved_col_connection */ ;
/*!50003 DROP PROCEDURE IF EXISTS `GetMonthlyBookings` */;
/*!50003 SET @saved_cs_client      = @@character_set_client */ ;
/*!50003 SET @saved_cs_results     = @@character_set_results */ ;
/*!50003 SET @saved_col_connection = @@collation_connection */ ;
/*!50003 SET character_set_client  = utf8mb4 */ ;
/*!50003 SET character_set_results = utf8mb4 */ ;
/*!50003 SET collation_connection  = utf8mb4_0900_ai_ci */ ;
/*!50003 SET @saved_sql_mode       = @@sql_mode */ ;
/*!50003 SET sql_mode              = 'ONLY_FULL_GROUP_BY,STRICT_TRANS_TABLES,NO_ZERO_IN_DATE,NO_ZERO_DATE,ERROR_FOR_DIVISION_BY_ZERO,NO_ENGINE_SUBSTITUTION' */ ;
DELIMITER ;;
CREATE DEFINER=`root`@`localhost` PROCEDURE `GetMonthlyBookings`(IN p_year INT)
BEGIN
    SELECT DATE_FORMAT(created_at, '%Y-%m') AS month,
           COUNT(*) AS bookings,
           SUM(total_on_road) AS amt
    FROM bookings
    WHERE status <> 'CANCELLED'
      AND (p_year IS NULL OR YEAR(created_at) = p_year)
    GROUP BY month
    ORDER BY month DESC
    LIMIT 12;
END ;;
DELIMITER ;
/*!50003 SET sql_mode              = @saved_sql_mode */ ;
/*!50003 SET character_set_client  = @saved_cs_client */ ;
/*!50003 SET character_set_results = @saved_cs_results */ ;
/*!50003 SET collation_connection  = @saved_col_connection */ ;
/*!50003 DROP PROCEDURE IF EXISTS `GetStockByModelCount` */;
/*!50003 SET @saved_cs_client      = @@character_set_client */ ;
/*!50003 SET @saved_cs_results     = @@character_set_results */ ;
/*!50003 SET @saved_col_connection = @@collation_connection */ ;
/*!50003 SET character_set_client  = utf8mb4 */ ;
/*!50003 SET character_set_results = utf8mb4 */ ;
/*!50003 SET collation_connection  = utf8mb4_0900_ai_ci */ ;
/*!50003 SET @saved_sql_mode       = @@sql_mode */ ;
/*!50003 SET sql_mode              = 'ONLY_FULL_GROUP_BY,STRICT_TRANS_TABLES,NO_ZERO_IN_DATE,NO_ZERO_DATE,ERROR_FOR_DIVISION_BY_ZERO,NO_ENGINE_SUBSTITUTION' */ ;
DELIMITER ;;
CREATE DEFINER=`root`@`localhost` PROCEDURE `GetStockByModelCount`(IN p_year INT, IN p_month INT)
BEGIN
    SELECT m.model_name, COUNT(v.id)
    FROM vehicles v
    JOIN vehicle_variants vv ON v.variant_id = vv.id
    JOIN vehicle_models m ON vv.model_id = m.id
    WHERE v.status = 'IN_STOCK'
      AND (p_year IS NULL OR YEAR(v.created_at) <= p_year)
      AND (p_month IS NULL OR (p_year < YEAR(CURRENT_DATE) OR MONTH(v.created_at) <= p_month OR p_year IS NULL))
    GROUP BY m.model_name
    ORDER BY COUNT(v.id) DESC;
END ;;
DELIMITER ;
/*!50003 SET sql_mode              = @saved_sql_mode */ ;
/*!50003 SET character_set_client  = @saved_cs_client */ ;
/*!50003 SET character_set_results = @saved_cs_results */ ;
/*!50003 SET collation_connection  = @saved_col_connection */ ;
/*!50003 DROP PROCEDURE IF EXISTS `GetTopSellingModels` */;
/*!50003 SET @saved_cs_client      = @@character_set_client */ ;
/*!50003 SET @saved_cs_results     = @@character_set_results */ ;
/*!50003 SET @saved_col_connection = @@collation_connection */ ;
/*!50003 SET character_set_client  = utf8mb4 */ ;
/*!50003 SET character_set_results = utf8mb4 */ ;
/*!50003 SET collation_connection  = utf8mb4_0900_ai_ci */ ;
/*!50003 SET @saved_sql_mode       = @@sql_mode */ ;
/*!50003 SET sql_mode              = 'ONLY_FULL_GROUP_BY,STRICT_TRANS_TABLES,NO_ZERO_IN_DATE,NO_ZERO_DATE,ERROR_FOR_DIVISION_BY_ZERO,NO_ENGINE_SUBSTITUTION' */ ;
DELIMITER ;;
CREATE DEFINER=`root`@`localhost` PROCEDURE `GetTopSellingModels`(IN p_year INT, IN p_month INT)
BEGIN
    SELECT vm.model_name,
           COUNT(b.id) AS total_bookings,
           SUM(b.total_on_road) AS total_revenue
    FROM bookings b
    JOIN vehicle_variants vv ON b.variant_id = vv.id
    JOIN vehicle_models vm ON vv.model_id = vm.id
    WHERE b.status <> 'CANCELLED'
      AND (p_year IS NULL OR YEAR(b.created_at) = p_year)
      AND (p_month IS NULL OR MONTH(b.created_at) = p_month)
    GROUP BY vm.id, vm.model_name
    ORDER BY total_bookings DESC
    LIMIT 10;
END ;;
DELIMITER ;
/*!50003 SET sql_mode              = @saved_sql_mode */ ;
/*!50003 SET character_set_client  = @saved_cs_client */ ;
/*!50003 SET character_set_results = @saved_cs_results */ ;
/*!50003 SET collation_connection  = @saved_col_connection */ ;
/*!50003 DROP PROCEDURE IF EXISTS `GetWorkloadSummary` */;
/*!50003 SET @saved_cs_client      = @@character_set_client */ ;
/*!50003 SET @saved_cs_results     = @@character_set_results */ ;
/*!50003 SET @saved_col_connection = @@collation_connection */ ;
/*!50003 SET character_set_client  = utf8mb4 */ ;
/*!50003 SET character_set_results = utf8mb4 */ ;
/*!50003 SET collation_connection  = utf8mb4_0900_ai_ci */ ;
/*!50003 SET @saved_sql_mode       = @@sql_mode */ ;
/*!50003 SET sql_mode              = 'ONLY_FULL_GROUP_BY,STRICT_TRANS_TABLES,NO_ZERO_IN_DATE,NO_ZERO_DATE,ERROR_FOR_DIVISION_BY_ZERO,NO_ENGINE_SUBSTITUTION' */ ;
DELIMITER ;;
CREATE DEFINER=`root`@`localhost` PROCEDURE `GetWorkloadSummary`(IN p_year INT, IN p_month INT)
BEGIN
    SELECT CONCAT(e.first_name, ' ', e.last_name) AS mechanicName,
           COUNT(jc.id) AS total_jobs,
           SUM(CASE WHEN jc.status = 'COMPLETED' THEN 1 ELSE 0 END) AS completed,
           SUM(jc.total_cost) AS revenue
    FROM job_cards jc
    JOIN mechanics m ON jc.mechanic_id = m.id
    JOIN employees e ON m.employee_id = e.id
    WHERE (p_year IS NULL OR YEAR(jc.created_at) = p_year)
      AND (p_month IS NULL OR MONTH(jc.created_at) = p_month)
    GROUP BY e.id, mechanicName;
END ;;
DELIMITER ;
/*!50003 SET sql_mode              = @saved_sql_mode */ ;
/*!50003 SET character_set_client  = @saved_cs_client */ ;
/*!50003 SET character_set_results = @saved_cs_results */ ;
/*!50003 SET collation_connection  = @saved_col_connection */ ;
/*!40103 SET TIME_ZONE=@OLD_TIME_ZONE */;

/*!40101 SET SQL_MODE=@OLD_SQL_MODE */;
/*!40014 SET FOREIGN_KEY_CHECKS=@OLD_FOREIGN_KEY_CHECKS */;
/*!40014 SET UNIQUE_CHECKS=@OLD_UNIQUE_CHECKS */;
/*!40101 SET CHARACTER_SET_CLIENT=@OLD_CHARACTER_SET_CLIENT */;
/*!40101 SET CHARACTER_SET_RESULTS=@OLD_CHARACTER_SET_RESULTS */;
/*!40101 SET COLLATION_CONNECTION=@OLD_COLLATION_CONNECTION */;
/*!40111 SET SQL_NOTES=@OLD_SQL_NOTES */;

-- Dump completed on 2026-03-15 11:46:38
